Órgão;Elemento;Fonte de Recursos;Subfunção;Programa;Projeto / Atividade;Jan;Fev;Mar;Abr;Mai;Jun;Jul;Ago;Set;Out;Nov;Dez;Valor Empenhado
21 - Secretaria de Estado da Casa Civil e Desenvol;33903900 - Outros Serviços de Terceiros - Pessoa Jurídic;100 - Ordinários Provenientes de Impostos;122 - Administração Geral;0002 - Gestão Administrativa;0467 -  ;1.000,00;200;0;0;0;0;0;3.000,00;0;0;0;-3.052,23;2.347,77
21 - Secretaria de Estado da Casa Civil e Desenvol;33904700 - Obrigações Tributárias e Contributivas;100 - Ordinários Provenientes de Impostos;122 - Administração Geral;0002 - Gestão Administrativa;0467 -  ;2.000,00;0;0;0;0;0;0;0;0;0;0;-967,82;1.032,18
26 - Secretaria de Estado de Segurança;33904700 - Obrigações Tributárias e Contributivas;100 - Ordinários Provenientes de Impostos;122 - Administração Geral;0002 - Gestão Administrativa;0467 -  ;2.369,29;1.816,78;2.914,24;0;0;0;0;17.180,04;0;313,62;25.406,03;9.366,30;62.207,65
21 - Secretaria de Estado da Casa Civil e Desenvol;33903000 - Material de Consumo;100 - Ordinários Provenientes de Impostos;122 - Administração Geral;0002 - Gestão Administrativa;2010 -  ;178.580,00;0;0;120.000,00;0;6.000,00;180.000,00;66.000,00;57.000,00;257.766,63;115.000,00;-201.261,87;974.084,76
;33903900 - Outros Serviços de Terceiros - Pessoa Jurídic;100 - Ordinários Provenientes de Impostos;122 - Administração Geral;0002 - Gestão Administrativa;2016 -  ;692.330,00;144.288,00;323.192,00;409.230,00;624.195,18;141.000,00;138.800,00;4.000,00;33.000,00;-152.412,25;31.435,04;-216.370,76;2.478.479,21
26 - Secretaria de Estado de Segurança;33903000 - Material de Consumo;100 - Ordinários Provenientes de Impostos;122 - Administração Geral;0002 - Gestão Administrativa;2016 -  ;5.687,50;11.375,00;196.680,00;1.442.653,23;0;0;0;181.740,00;-19.000,00;26.615,00;-9.719,50;228.640,59;2.070.831,82
26 - Secretaria de Estado de Segurança;33903900 - Outros Serviços de Terceiros - Pessoa Jurídic;100 - Ordinários Provenientes de Impostos;122 - Administração Geral;0002 - Gestão Administrativa;2016 -  ;48.168,00;1.555.849,08;4.994.309,02;3.969.786,64;611.730,00;704.243,48;1.584.930,01;520.870,00;1.124.057,71;1.163.822,00;1.280.054,42;2.394.086,68;20.563.662,82
16 - Secretaria de Estado de Defesa Civil;31900400 - Contratação Por Tempo Determinado;100 - Ordinários Provenientes de Impostos;122 - Administração Geral;0002 - Gestão Administrativa;2660 -  ;649.908,62;649.283,95;654.142,59;674.885,98;653.478,44;657.932,32;695.388,77;662.217,39;667.766,21;668.779,61;710.150,43;689.069,27;8.769.111,62
16 - Secretaria de Estado de Defesa Civil;31901100 - Vencimentos e Vantagens Fixas - Pessoal Civil;100 - Ordinários Provenientes de Impostos;122 - Administração Geral;0002 - Gestão Administrativa;2660 -  ;1.509.948,99;1.499.042,01;1.446.266,90;1.487.787,53;1.635.341,36;1.260.946,39;1.554.049,84;1.384.234,40;1.226.945,59;1.548.848,32;1.379.863,17;1.215.155,57;17.908.196,97
16 - Secretaria de Estado de Defesa Civil;31901200 - Vencimentos e Vantagens Fixas - Pessoal Milit;100 - Ordinários Provenientes de Impostos;122 - Administração Geral;0002 - Gestão Administrativa;2660 -  ;89.353.977,64;108.564.916,42;86.668.347,88;95.339.263,33;83.449.161,55;92.061.730,61;89.832.345,00;110.408.042,31;90.784.150,17;87.358.156,77;86.285.969,45;71.313.098,07;1.176.930.394,87
16 - Secretaria de Estado de Defesa Civil;31901300 - Obrigações Patronais;100 - Ordinários Provenientes de Impostos;122 - Administração Geral;0002 - Gestão Administrativa;2660 -  ;14.709,61;0;12.009,23;10.509,07;19.631,20;0;18.896,45;31.523,21;-36.002,09;13.537,72;5.325,08;4.122,61;103.546,33
16 - Secretaria de Estado de Defesa Civil;31901600 - Outras Despesas Variáveis - Pessoal Civil;100 - Ordinários Provenientes de Impostos;122 - Administração Geral;0002 - Gestão Administrativa;2660 -  ;264.236,95;261.578,27;0;219.902,44;442.704,53;0;455.408,67;212.545,24;0;441.123,60;216.290,70;183.089,41;2.907.393,51
16 - Secretaria de Estado de Defesa Civil;31901700 - Outras Despesas Variáveis - Pessoal Militar;100 - Ordinários Provenientes de Impostos;122 - Administração Geral;0002 - Gestão Administrativa;2660 -  ;20.678.996,16;19.396.499,99;20.092.646,97;18.234.232,90;17.709.448,75;17.653.625,00;17.386.822,76;17.548.080,08;17.539.742,75;16.874.405,26;16.647.114,23;14.326.446,67;232.623.660,99
16 - Secretaria de Estado de Defesa Civil;31911300 - Obrigações Patronais;100 - Ordinários Provenientes de Impostos;122 - Administração Geral;0002 - Gestão Administrativa;2660 -  ;22.112.328,82;25.572.647,90;21.982.350,66;23.641.307,09;21.863.358,48;23.406.576,84;23.237.688,14;25.233.227,06;25.097.552,57;22.841.600,05;22.440.890,94;20.760.953,86;300.148.026,16
16 - Secretaria de Estado de Defesa Civil;33900800 - Outros Benefícios Assistenciais do Servidor e;100 - Ordinários Provenientes de Impostos;122 - Administração Geral;0002 - Gestão Administrativa;2660 -  ;100.515,16;92.556,44;213.719,46;232.455,61;91.016,00;127.241,78;75.173,63;143.301,54;66.527,00;73.135,81;73.331,30;94.718,22;1.477.954,15
16 - Secretaria de Estado de Defesa Civil;33904900 - Auxílio Transporte;100 - Ordinários Provenientes de Impostos;122 - Administração Geral;0002 - Gestão Administrativa;2660 -  ;1.101.269,89;1.063.422,50;1.168.999,56;1.106.654,27;1.121.910,00;1.074.288,68;1.134.540,37;1.092.102,84;1.146.467,69;1.104.634,83;1.192.271,55;958.240,94;14.281.948,55
21 - Secretaria de Estado da Casa Civil e Desenvol;31901100 - Vencimentos e Vantagens Fixas - Pessoal Civil;100 - Ordinários Provenientes de Impostos;122 - Administração Geral;0002 - Gestão Administrativa;2660 -  ;235.347,88;207.940,32;194.076,07;183.105,61;180.553,70;173.650,19;186.465,19;165.632,18;181.749,54;162.234,60;165.672,78;148.380,66;2.292.817,31
21 - Secretaria de Estado da Casa Civil e Desenvol;31901300 - Obrigações Patronais;100 - Ordinários Provenientes de Impostos;122 - Administração Geral;0002 - Gestão Administrativa;2660 -  ;78.375,47;64.686,95;72.714,22;64.190,63;63.521,97;67.078,33;67.836,90;86.358,01;63.175,92;67.877,77;-139.691,60;128.787,44;758.234,45
21 - Secretaria de Estado da Casa Civil e Desenvol;31901600 - Outras Despesas Variáveis - Pessoal Civil;100 - Ordinários Provenientes de Impostos;122 - Administração Geral;0002 - Gestão Administrativa;2660 -  ;1.118.269,99;1.079.908,50;1.081.560,50;873.441,04;1.083.757,59;1.012.833,74;1.070.068,97;1.077.846,51;964.092,32;1.054.182,56;983.641,59;1.036.300,93;13.519.295,48
21 - Secretaria de Estado da Casa Civil e Desenvol;31909200 - Despesas de Exercícios Anteriores;100 - Ordinários Provenientes de Impostos;122 - Administração Geral;0002 - Gestão Administrativa;2660 -  ;1.345.023,86;541,25;18.546,49;2.559,37;300;2.014,04;1.818,86;0;0;0,81;19,78;-91.052,68;1.322.609,64
21 - Secretaria de Estado da Casa Civil e Desenvol;31911300 - Obrigações Patronais;100 - Ordinários Provenientes de Impostos;122 - Administração Geral;0002 - Gestão Administrativa;2660 -  ;8.478,84;8.478,84;8.478,84;8.478,84;9.042,04;9.042,04;8.157,46;7.392,04;7.392,04;7.392,04;7.392,04;14.170,64;110.328,54
21 - Secretaria de Estado da Casa Civil e Desenvol;31919200 - Despesas de Exercícios Anteriores;100 - Ordinários Provenientes de Impostos;122 - Administração Geral;0002 - Gestão Administrativa;2660 -  ;8.478,84;0;0;0;0;0;0;0;0;0;0;0;8.478,84
25 - Secretaria de Estado de Administração Peniten;31900300 - Pensões do RPPS e do Militar;100 - Ordinários Provenientes de Impostos;122 - Administração Geral;0002 - Gestão Administrativa;2660 -  ;19.768,01;19.768,01;21.272,45;22.046,69;20.713,79;20.713,79;20.713,79;20.713,79;20.713,79;20.713,79;20.713,79;20.713,79;269.279,27
25 - Secretaria de Estado de Administração Peniten;31900400 - Contratação Por Tempo Determinado;100 - Ordinários Provenientes de Impostos;122 - Administração Geral;0002 - Gestão Administrativa;2660 -  ;278.588,71;274.842,86;274.800,00;273.000,00;266.458,06;0;527.113,55;256.800,00;256.800,00;256.800,00;252.250,00;252.090,00;3.418.001,24
25 - Secretaria de Estado de Administração Peniten;31900500 - Outros Benefícios Previdenciários do Servidor;100 - Ordinários Provenientes de Impostos;122 - Administração Geral;0002 - Gestão Administrativa;2660 -  ;1,8;1,8;1,8;1,8;1,8;1,8;1,8;1,8;1,8;1,8;1,8;1,8;23,4
25 - Secretaria de Estado de Administração Peniten;31900700 - Contribuição a Entidades Fechadas de Previdên;100 - Ordinários Provenientes de Impostos;122 - Administração Geral;0002 - Gestão Administrativa;2660 -  ;1.925,85;1.728,48;1.692,79;17.258,08;1.829,25;1.915,22;2.034,07;2.006,42;18.510,72;2.127,04;2.113,52;-27.086,71;28.858,25
25 - Secretaria de Estado de Administração Peniten;31901100 - Vencimentos e Vantagens Fixas - Pessoal Civil;100 - Ordinários Provenientes de Impostos;122 - Administração Geral;0002 - Gestão Administrativa;2660 -  ;41.188.674,80;42.972.857,50;42.238.504,94;41.831.366,53;41.775.867,64;38.051.529,89;37.889.544,56;37.646.748,42;37.481.312,31;40.877.833,42;41.201.490,37;52.267.334,18;538.076.796,17
25 - Secretaria de Estado de Administração Peniten;31901300 - Obrigações Patronais;100 - Ordinários Provenientes de Impostos;122 - Administração Geral;0002 - Gestão Administrativa;2660 -  ;191.841,67;206.508,84;256.190,95;132.147,70;190.724,63;134.706,77;156.987,69;201.852,69;144.336,80;-211.510,16;176.809,10;123.378,06;1.860.133,65
25 - Secretaria de Estado de Administração Peniten;31901600 - Outras Despesas Variáveis - Pessoal Civil;100 - Ordinários Provenientes de Impostos;122 - Administração Geral;0002 - Gestão Administrativa;2660 -  ;1.254.245,72;1.505.533,40;1.468.549,02;1.483.012,44;1.470.815,60;1.632.792,61;1.247.332,05;1.751.783,64;1.587.503,67;1.579.573,25;1.645.730,62;1.729.288,48;19.730.031,71
25 - Secretaria de Estado de Administração Peniten;31909100 - Sentenças Judiciais;100 - Ordinários Provenientes de Impostos;122 - Administração Geral;0002 - Gestão Administrativa;2660 -  ;514,98;0;1.340,52;1.216,50;1.338,94;1.874,10;1.512,50;1.338,14;5.464,60;291,4;814,77;814,77;17.335,99
25 - Secretaria de Estado de Administração Peniten;31909200 - Despesas de Exercícios Anteriores;100 - Ordinários Provenientes de Impostos;122 - Administração Geral;0002 - Gestão Administrativa;2660 -  ;186.139,42;63.443,23;76.259,26;47.391,48;10.081,70;0;66.155,91;21.533,12;17.835,59;6.052,23;27.478,18;14.842,15;723.799,62
25 - Secretaria de Estado de Administração Peniten;31911300 - Obrigações Patronais;100 - Ordinários Provenientes de Impostos;122 - Administração Geral;0002 - Gestão Administrativa;2660 -  ;8.543.454,64;8.742.762,51;8.772.469,85;8.677.060,15;727.183,08;16.637.081,53;8.652.939,03;8.624.815,00;8.671.149,41;8.690.532,15;8.663.749,85;8.660.250,90;112.956.377,48
25 - Secretaria de Estado de Administração Peniten;33900800 - Outros Benefícios Assistenciais do Servidor e;100 - Ordinários Provenientes de Impostos;122 - Administração Geral;0002 - Gestão Administrativa;2660 -  ;58.470,68;78.688,45;60.155,29;71.345,57;78.735,84;80.042,12;59.012,16;64.487,15;87.641,37;105.634,14;60.120,05;73.862,50;939.096,48
25 - Secretaria de Estado de Administração Peniten;33904600 - Auxílio Alimentação;100 - Ordinários Provenientes de Impostos;122 - Administração Geral;0002 - Gestão Administrativa;2660 -  ;182.879,00;231.773,00;189.365,39;225.945,00;219.323,00;226.399,53;244.125,47;213.935,00;229.049,00;200.783,00;19.272,00;408.424,00;2.767.440,97
25 - Secretaria de Estado de Administração Peniten;33904900 - Auxílio Transporte;100 - Ordinários Provenientes de Impostos;122 - Administração Geral;0002 - Gestão Administrativa;2660 -  ;443.435,83;489.760,95;473.232,94;471.187,83;472.570,24;464.825,70;469.895,94;469.686,57;470.352,58;471.201,93;100;905.367,39;6.051.726,62
26 - Secretaria de Estado de Segurança;31900100 - Aposentadorias e Reformas;100 - Ordinários Provenientes de Impostos;122 - Administração Geral;0002 - Gestão Administrativa;2660 -  ;2.682,46;5.364,92;0;2.682,46;2.682,46;2.682,46;2.682,46;2.682,46;2.682,46;0;2.682,46;14.947,28;44.454,34
26 - Secretaria de Estado de Segurança;31900300 - Pensões do RPPS e do Militar;100 - Ordinários Provenientes de Impostos;122 - Administração Geral;0002 - Gestão Administrativa;2660 -  ;382,68;382,68;382,68;382,68;382,68;382,68;0;0;382,68;0;0;0;2.678,76
26 - Secretaria de Estado de Segurança;31900400 - Contratação Por Tempo Determinado;100 - Ordinários Provenientes de Impostos;122 - Administração Geral;0002 - Gestão Administrativa;2660 -  ;1.193.205,01;1.192.997,86;1.189.134,17;1.191.146,09;1.184.498,94;1.196.990,87;1.200.336,78;1.180.246,20;1.058.032,66;1.084.300,75;917.749,88;778.103,48;14.364.453,11
26 - Secretaria de Estado de Segurança;31900500 - Outros Benefícios Previdenciários do Servidor;100 - Ordinários Provenientes de Impostos;122 - Administração Geral;0002 - Gestão Administrativa;2660 -  ;7,2;9;21,6;0;3,6;14,4;7,2;12,6;5,4;9;3,6;0;108
26 - Secretaria de Estado de Segurança;31901100 - Vencimentos e Vantagens Fixas - Pessoal Civil;100 - Ordinários Provenientes de Impostos;122 - Administração Geral;0002 - Gestão Administrativa;2660 -  ;147.811.948,94;148.336.937,08;148.894.781,55;147.482.535,73;147.183.069,69;93.709.358,96;91.188.008,69;92.081.719,93;92.283.503,73;91.274.742,76;89.729.889,27;168.886.647,55;1.554.448.160,71
26 - Secretaria de Estado de Segurança;31901200 - Vencimentos e Vantagens Fixas - Pessoal Milit;100 - Ordinários Provenientes de Impostos;122 - Administração Geral;0002 - Gestão Administrativa;2660 -  ;181.740.229,77;183.177.750,85;156.435.988,97;179.192.450,06;165.459.091,20;232.491.366,90;231.680.521,80;231.280.161,61;229.580.683,72;229.605.212,65;228.889.536,43;177.749.654,51;2.646.714.683,68
26 - Secretaria de Estado de Segurança;31901300 - Obrigações Patronais;100 - Ordinários Provenientes de Impostos;122 - Administração Geral;0002 - Gestão Administrativa;2660 -  ;37.653,46;534.969,63;263.944,25;262.229,15;261.247,86;261.336,04;263.301,01;260.299,83;-416.165,40;353.448,08;246.930,24;691.929,21;3.369.017,60
26 - Secretaria de Estado de Segurança;31901600 - Outras Despesas Variáveis - Pessoal Civil;100 - Ordinários Provenientes de Impostos;122 - Administração Geral;0002 - Gestão Administrativa;2660 -  ;15.840.819,77;5.281.354,58;14.585.721,50;14.008.589,11;16.909.877,84;11.405.899,24;13.690.396,24;12.955.838,18;11.247.420,82;11.302.965,75;9.996.323,88;10.990.120,84;160.316.840,30
26 - Secretaria de Estado de Segurança;31901700 - Outras Despesas Variáveis - Pessoal Militar;100 - Ordinários Provenientes de Impostos;122 - Administração Geral;0002 - Gestão Administrativa;2660 -  ;61.203.782,99;60.867.497,55;20.491.409,97;40.654.086,94;40.149.220,42;62.691.495,65;63.601.151,67;62.324.196,82;62.238.699,39;61.762.352,89;61.854.230,62;61.768.404,85;724.647.694,89
26 - Secretaria de Estado de Segurança;31905800 - Outros Benefícios do RGPS - Área Urbana;100 - Ordinários Provenientes de Impostos;122 - Administração Geral;0002 - Gestão Administrativa;2660 -  ;5.862,26;20.404,67;17.280,74;14.235,74;13.855,03;5.727,00;5.727,00;7.577,00;4.904,40;1.850,00;2.343,34;0;99.967,18
26 - Secretaria de Estado de Segurança;31909200 - Despesas de Exercícios Anteriores;100 - Ordinários Provenientes de Impostos;122 - Administração Geral;0002 - Gestão Administrativa;2660 -  ;17.445,85;-13.329,47;8.629.395,01;815,56;832,36;474.448,39;911.847,41;698.449,74;1.033.402,80;329.482,50;2.047.493,91;768.144,51;32.433.466,48
26 - Secretaria de Estado de Segurança;31911300 - Obrigações Patronais;100 - Ordinários Provenientes de Impostos;122 - Administração Geral;0002 - Gestão Administrativa;2660 -  ;48.303.215,31;86.088.910,26;48.317.723,49;87.829.066,74;64.291.946,34;66.428.450,35;67.462.713,92;66.537.706,80;66.458.061,82;66.101.007,11;65.787.549,72;130.325.613,27;936.708.825,85
26 - Secretaria de Estado de Segurança;33900800 - Outros Benefícios Assistenciais do Servidor e;100 - Ordinários Provenientes de Impostos;122 - Administração Geral;0002 - Gestão Administrativa;2660 -  ;137.644,76;145.701,01;1.435.214,10;150.125,15;222.269,22;141.106,19;325.754,98;196.482,53;276.571,29;211.866,93;346.261,75;1.729,18;3.740.677,50
26 - Secretaria de Estado de Segurança;33901700 - Outras Despesas Variáveis - Pessoal Militar;100 - Ordinários Provenientes de Impostos;122 - Administração Geral;0002 - Gestão Administrativa;2660 -  ;2.810.634,38;2.861.388,01;2.800.068,81;2.815.935,08;2.843.013,02;2.883.479,09;2.847.906,60;2.852.124,51;2.856.715,74;3.009.913,96;2.875.937,02;2.933.909,60;34.391.025,82
26 - Secretaria de Estado de Segurança;33901900 - Auxílio-Fardamento;100 - Ordinários Provenientes de Impostos;122 - Administração Geral;0002 - Gestão Administrativa;2660 -  ;155.279,98;84.065,65;63.683,89;328.163,06;90.623,59;50.556,89;1.671.791,08;269.897,13;222.680,17;258.147,46;928.898,07;511.985,14;4.765.626,15
26 - Secretaria de Estado de Segurança;33904600 - Auxílio Alimentação;100 - Ordinários Provenientes de Impostos;122 - Administração Geral;0002 - Gestão Administrativa;2660 -  ;254.534,25;297.029,48;302.156,59;351.600,88;359.962,88;346.768,20;2.468.972,04;2.604.590,73;351.239,80;2.312.539,02;320.753,40;-4.125.045,59;10.786.845,29
26 - Secretaria de Estado de Segurança;33904900 - Auxílio Transporte;100 - Ordinários Provenientes de Impostos;122 - Administração Geral;0002 - Gestão Administrativa;2660 -  ;3.850.125,73;3.764.982,87;3.854.732,59;3.798.601,86;3.833.695,29;3.840.078,17;4.629.213,82;4.717.930,36;3.820.450,75;4.557.672,10;3.789.463,76;1.379.338,08;50.213.297,73
26 - Secretaria de Estado de Segurança;33911700 - Outras Despesas Variáveis - Pessoal Militar;100 - Ordinários Provenientes de Impostos;122 - Administração Geral;0002 - Gestão Administrativa;2660 -  ;4.666.081,67;4.666.081,67;4.666.081,67;4.666.081,67;4.666.081,67;4.666.081,67;4.666.081,67;4.666.081,67;4.666.081,67;4.666.081,67;4.666.081,67;4.666.081,67;55.992.980,04
26 - Secretaria de Estado de Segurança;33903900 - Outros Serviços de Terceiros - Pessoa Jurídic;100 - Ordinários Provenientes de Impostos;122 - Administração Geral;0002 - Gestão Administrativa;8021 -  ;1.666,67;4.888,99;0;728,24;5.603,24;724.285,59;444,63;0;1.360,22;8.716,59;7.038.425,49;22.116.592,47;29.911.725,21
26 - Secretaria de Estado de Segurança;33903900 - Outros Serviços de Terceiros - Pessoa Jurídic;100 - Ordinários Provenientes de Impostos;181 - Policiamento;0067 - Gestão da Tecnologia da Informação, Comunicaç;8279 -  ;2.185,03;339.897,29;-13.172,15;328.909,17;0;0;0;6.555,09;162.000,00;0;180.499,93;-130.975,33;1.102.213,75
26 - Secretaria de Estado de Segurança;33903900 - Outros Serviços de Terceiros - Pessoa Jurídic;100 - Ordinários Provenientes de Impostos;181 - Policiamento;0070 - Gestão Operacional da Polícia;8198 -  ;218.740,00;222.334,00;0;220.321,06;215.146,00;226.217,60;208.486,00;620.694,00;15.000,00;750.000,00;0;-334.120,00;2.908.920,66
21 - Secretaria de Estado da Casa Civil e Desenvol;33903000 - Material de Consumo;100 - Ordinários Provenientes de Impostos;781 - Transporte Aéreo;0059 - Desenvolvimento das Atividades de Segurança O;2039 -  ;1;0;0;0;72.001,00;0;120.000,00;1.000,00;325.000,00;10.000,00;5.000,00;-86.907,97;628.622,03
21 - Secretaria de Estado da Casa Civil e Desenvol;33903900 - Outros Serviços de Terceiros - Pessoa Jurídic;100 - Ordinários Provenientes de Impostos;781 - Transporte Aéreo;0059 - Desenvolvimento das Atividades de Segurança O;2039 -  ;150.081,99;146.454,01;190.704,31;0;-28.096,90;1.664.306,00;572.296,66;0;235.792,00;106.083,34;3.951.693,25;-188.954,80;7.970.800,86
21 - Secretaria de Estado da Casa Civil e Desenvol;33903900 - Outros Serviços de Terceiros - Pessoa Jurídic;100 - Ordinários Provenientes de Impostos;122 - Administração Geral;0002 - Gestão Administrativa;2010 - Prestação de Serviços entre Órgãos Estaduais/;0;398;0;0;0;0;0;0;496,5;0;0;0;1.292,50
16 - Secretaria de Estado de Defesa Civil         ;33901900 - Auxílio-Fardamento;100 - Ordinários Provenientes de Impostos;122 - Administração Geral;0002 - Gestão Administrativa;2660 - Pessoal e Encargos Sociais;0;9.530,59;110.353,39;81.882,85;52.459,55;35.920,45;0;0;0;0;3.151,89;0;385.074,98
16 - Secretaria de Estado de Defesa Civil         ;33904600 - Auxílio Alimentação;100 - Ordinários Provenientes de Impostos;122 - Administração Geral;0002 - Gestão Administrativa;2660 - Pessoal e Encargos Sociais;0;59.757,61;61.409,13;78.418,93;80.869,51;79.005,27;0;0;0;0;3.627,39;0;415.958,08
25 - Secretaria de Estado de Administração Peniten;33904700 - Obrigações Tributárias e Contributivas;100 - Ordinários Provenientes de Impostos;122 - Administração Geral;0002 - Gestão Administrativa;2660 - Pessoal e Encargos Sociais;0;38;109,55;1,86;32,49;7;14,49;18;11;19,33;18;21,97;313,69
26 - Secretaria de Estado de Segurança            ;31909600 - Ressarcimento de Despesas de Pessoal Requisit;100 - Ordinários Provenientes de Impostos;122 - Administração Geral;0002 - Gestão Administrativa;2660 - Pessoal e Encargos Sociais;0;0;320.400,01;356.739,56;267.490,10;79.058,50;472.095,06;450.000,00;200.000,00;741.730,12;359.000,00;149.559,81;3.546.073,16
26 - Secretaria de Estado de Segurança            ;33900100 - Aposentadorias e Reformas;100 - Ordinários Provenientes de Impostos;122 - Administração Geral;0002 - Gestão Administrativa;2660 - Pessoal e Encargos Sociais;0;0;0;0;0;0;0;0;0;122.907,12;33.464,81;133.509,89;291.785,13
26 - Secretaria de Estado de Segurança            ;33900300 - Pensões do RPPS e do Militar;100 - Ordinários Provenientes de Impostos;122 - Administração Geral;0002 - Gestão Administrativa;2660 - Pessoal e Encargos Sociais;0;0;0;0;0;0;0;0;0;382,68;382,68;382,68;1.557,92
26 - Secretaria de Estado de Segurança            ;33909200 - Despesas de Exercícios Anteriores;100 - Ordinários Provenientes de Impostos;122 - Administração Geral;0002 - Gestão Administrativa;2660 - Pessoal e Encargos Sociais;0;0;0;0;0;45.006,00;5.045,33;12.041,83;0;56.932,95;44.293,12;16.242,04;474.555,66
21 - Secretaria de Estado da Casa Civil e Desenvol;33903900 - Outros Serviços de Terceiros - Pessoa Jurídic;100 - Ordinários Provenientes de Impostos;122 - Administração Geral;0002 - Gestão Administrativa;8021 - Pagamento de Despesas com Serviços de Utilida;0;0;45.000,00;37.000,00;1.876,32;0;0;0;0;3.127,20;182.000,00;-4.460,93;266.942,59
26 - Secretaria de Estado de Segurança            ;33903900 - Outros Serviços de Terceiros - Pessoa Jurídic;100 - Ordinários Provenientes de Impostos;181 - Policiamento;0060 - Integração da Segurança Pública;8201 - Operacionalização das Regiões Integradas de S;0;0;0;0;0;0;0;0;0;0;0;0;2.000,00
26 - Secretaria de Estado de Segurança            ;33903900 - Outros Serviços de Terceiros - Pessoa Jurídic;100 - Ordinários Provenientes de Impostos;181 - Policiamento;0067 - Gestão da Tecnologia da Informação, Comunicaç;8277 - Manutenção de tecnologias em Segurança Públic;0;286.421,98;108.589,17;498.203,15;0;0;0;0;629.000,00;0;26.888,57;-318.690,07;1.360.107,94
26 - Secretaria de Estado de Segurança;31900700 - Contribuição a Entidades Fechadas de Previdên;100 - Ordinários Provenientes de Impostos;122 - Administração Geral;0002 - Gestão Administrativa;2660 -  ;0;133.764,88;0;0;129.342,10;64.658,43;0;195.927,29;65.583,34;0;129.583,35;136.126,26;854.985,65
26 - Secretaria de Estado de Segurança;33903900 - Outros Serviços de Terceiros - Pessoa Jurídic;100 - Ordinários Provenientes de Impostos;181 - Policiamento;0070 - Gestão Operacional da Polícia;5424 -  ;0;1;0;0;0;0;0;0;0;0;0;-1;0
25 - Secretaria de Estado de Administração Peniten;33903000 - Material de Consumo;100 - Ordinários Provenientes de Impostos;122 - Administração Geral;0002 - Gestão Administrativa;2010 -  ;0;0;439.870,00;360.130,00;800.000,00;0;800.000,00;0;0;800.000,00;0;-607.199,47;2.592.800,53
25 - Secretaria de Estado de Administração Peniten;33903600 - Outros Serviços de Terceiros - Pessoa Física;100 - Ordinários Provenientes de Impostos;122 - Administração Geral;0002 - Gestão Administrativa;2016 -  ;0;0;178.140,29;0;83.365,26;40.949,32;0;55.240,07;0;11.439,99;20.444,66;-10.098,69;379.480,90
25 - Secretaria de Estado de Administração Peniten;33903900 - Outros Serviços de Terceiros - Pessoa Jurídic;100 - Ordinários Provenientes de Impostos;122 - Administração Geral;0002 - Gestão Administrativa;2016 -  ;0;0;75.694,20;30.459,52;51.952,60;0;52.024,92;69.036,50;32.958,71;1.618.939,90;10.123.133,00;-9.178.694,09;2.875.505,26
25 - Secretaria de Estado de Administração Peniten;33904700 - Obrigações Tributárias e Contributivas;100 - Ordinários Provenientes de Impostos;122 - Administração Geral;0002 - Gestão Administrativa;2016 -  ;0;0;101.489,70;0;0;832,31;93.325,27;38.298,95;860,04;1.083,73;90.313,12;0;326.203,12
25 - Secretaria de Estado de Administração Peniten;33904800 - Outros Auxílios Financeiros a Pessoas Físicas;100 - Ordinários Provenientes de Impostos;122 - Administração Geral;0002 - Gestão Administrativa;2016 -  ;0;0;460.479,60;0;4.974,17;-832,31;3.776,40;128.635,70;3.898,67;4.275,95;0;451.576,25;1.056.784,43
25 - Secretaria de Estado de Administração Peniten;33904900 - Auxílio Transporte;100 - Ordinários Provenientes de Impostos;122 - Administração Geral;0002 - Gestão Administrativa;2016 -  ;0;0;25.171,20;0;14.174,00;7.166,80;0;7.980,00;0;1.618,80;2.828,40;-1.392,00;57.547,20
26 - Secretaria de Estado de Segurança;33900800 - Outros Benefícios Assistenciais do Servidor e;100 - Ordinários Provenientes de Impostos;122 - Administração Geral;0002 - Gestão Administrativa;2016 -  ;0;0;5.000.000,00;0;0;0;0;0;0;0;0;-20.000,00;4.980.000,00
26 - Secretaria de Estado de Segurança;33909200 - Despesas de Exercícios Anteriores;100 - Ordinários Provenientes de Impostos;122 - Administração Geral;0002 - Gestão Administrativa;2016 -  ;0;0;386.087,69;1.225.827,58;107.411,98;862.974,71;497.584,52;860.302,66;14.684,58;0;0;867.214,62;4.822.088,34
16 - Secretaria de Estado de Defesa Civil;31909200 - Despesas de Exercícios Anteriores;100 - Ordinários Provenientes de Impostos;122 - Administração Geral;0002 - Gestão Administrativa;2660 -  ;0;0;45.396,87;0;0;0;0;0;0;0;233,33;-45.630,20;0
21 - Secretaria de Estado da Casa Civil e Desenvol;31909400 - Indenizações e Restituições Trabalhistas;100 - Ordinários Provenientes de Impostos;122 - Administração Geral;0002 - Gestão Administrativa;2660 -  ;0;0;26.121,76;0;0;0;0;0;0;9.148,54;11.528,70;4.607,64;51.406,64
25 - Secretaria de Estado de Administração Peniten;33909200 - Despesas de Exercícios Anteriores;100 - Ordinários Provenientes de Impostos;122 - Administração Geral;0002 - Gestão Administrativa;2660 -  ;0;0;2.960,76;3.497,52;20.771,25;17.941,23;0;0;0;189.967,35;1.993,47;0;237.131,58
26 - Secretaria de Estado de Segurança;31919200 - Despesas de Exercícios Anteriores;100 - Ordinários Provenientes de Impostos;122 - Administração Geral;0002 - Gestão Administrativa;2660 -  ;0;0;18.500.330,54;0;0;0;0;0;0;0;0;0;18.500.330,54
25 - Secretaria de Estado de Administração Peniten;33903900 - Outros Serviços de Terceiros - Pessoa Jurídic;100 - Ordinários Provenientes de Impostos;122 - Administração Geral;0002 - Gestão Administrativa;8021 -  ;0;0;11.014,21;3.455.802,23;883.547,92;14.235,00;0;0;27.405,66;9.800.616,71;691.712,11;-9.668,92;14.874.664,92
21 - Secretaria de Estado da Casa Civil e Desenvol;33903900 - Outros Serviços de Terceiros - Pessoa Jurídic;100 - Ordinários Provenientes de Impostos;181 - Policiamento;0059 - Desenvolvimento das Atividades de Segurança O;2281 -  ;0;0;40.000,00;0;20.000,00;0;20.000,00;20.000,00;0;20.000,00;20.000,00;0;140.000,00
26 - Secretaria de Estado de Segurança;33909200 - Despesas de Exercícios Anteriores;100 - Ordinários Provenientes de Impostos;181 - Policiamento;0067 - Gestão da Tecnologia da Informação, Comunicaç;8277 -  ;0;0;61.578,00;0;0;0;0;0;0;0;0;0;61.578,00
26 - Secretaria de Estado de Segurança;33903000 - Material de Consumo;100 - Ordinários Provenientes de Impostos;181 - Policiamento;0070 - Gestão Operacional da Polícia;2055 -  ;0;0;600.000,00;-397.245,18;1.400.000,00;-1.004.186,26;0;0;-57.221,63;0;-0,02;0;541.346,91
26 - Secretaria de Estado de Segurança;33903000 - Material de Consumo;100 - Ordinários Provenientes de Impostos;181 - Policiamento;0070 - Gestão Operacional da Polícia;2061 -  ;0;0;47.338,84;0;0;0;0;0;0;0;0;-18.419,36;28.919,48
26 - Secretaria de Estado de Segurança;33903900 - Outros Serviços de Terceiros - Pessoa Jurídic;100 - Ordinários Provenientes de Impostos;181 - Policiamento;0070 - Gestão Operacional da Polícia;2061 -  ;0;0;1.648.135,88;0;1.000.000,00;482.386,08;0;0;0;0;0;-868.601,26;2.261.920,70
26 - Secretaria de Estado de Segurança;33903600 - Outros Serviços de Terceiros - Pessoa Física;100 - Ordinários Provenientes de Impostos;181 - Policiamento;0075 - Educação em Segurança Cidadã: Educando Para P;1036 -  ;0;0;179.660,00;286;1.365,00;0;28.424,50;30.491,50;0;0;31.934,50;19.779,50;291.941,00
26 - Secretaria de Estado de Segurança;33903900 - Outros Serviços de Terceiros - Pessoa Jurídic;100 - Ordinários Provenientes de Impostos;181 - Policiamento;0075 - Educação em Segurança Cidadã: Educando Para P;1036 -  ;0;0;1;0;0;0;0;0;0;0;0;-1;0
26 - Secretaria de Estado de Segurança;33903900 - Outros Serviços de Terceiros - Pessoa Jurídic;100 - Ordinários Provenientes de Impostos;122 - Administração Geral;0002 - Gestão Administrativa;0467 -  ;0;0;0;13.083,86;0;0;0;0;0;698.209,36;0;-163.682,25;547.610,97
21 - Secretaria de Estado da Casa Civil e Desenvol;33909200 - Despesas de Exercícios Anteriores;100 - Ordinários Provenientes de Impostos;122 - Administração Geral;0002 - Gestão Administrativa;2016 -  ;0;0;0;65.099,16;0;0;0;0;0;0;0;0;65.099,16
26 - Secretaria de Estado de Segurança;33901400 - Diárias - Civil;100 - Ordinários Provenientes de Impostos;122 - Administração Geral;0002 - Gestão Administrativa;2016 -  ;0;0;0;7.004,00;1.287,00;686;2.506,00;11.343,00;1.643,00;1.540,00;0;8.329,00;34.338,00
26 - Secretaria de Estado de Segurança;33901500 - Diárias - Militar;100 - Ordinários Provenientes de Impostos;122 - Administração Geral;0002 - Gestão Administrativa;2016 -  ;0;0;0;23.196,00;5.478,00;0;23.357,00;31.543,00;29.662,00;0;0;824;114.060,00
16 - Secretaria de Estado de Defesa Civil;33909200 - Despesas de Exercícios Anteriores;100 - Ordinários Provenientes de Impostos;122 - Administração Geral;0002 - Gestão Administrativa;2660 -  ;0;0;0;1.993,48;0;0;0;0;0;0;0;0;1.993,48
25 - Secretaria de Estado de Administração Peniten;31905800 - Outros Benefícios do RGPS - Área Urbana;100 - Ordinários Provenientes de Impostos;122 - Administração Geral;0002 - Gestão Administrativa;2660 -  ;0;0;0;4.885,71;1.800,00;953,47;4.432,52;1.906,94;1.726,18;0;0;0;15.704,82
26 - Secretaria de Estado de Segurança;31909400 - Indenizações e Restituições Trabalhistas;100 - Ordinários Provenientes de Impostos;122 - Administração Geral;0002 - Gestão Administrativa;2660 -  ;0;0;0;2.201.319,03;1.729.522,26;4.065,50;0;0;0;0;758,45;0;3.935.665,24
31 - Secretaria de Estado de Transportes;33909200 - Despesas de Exercícios Anteriores;100 - Ordinários Provenientes de Impostos;181 - Policiamento;0069 - Modernização da Polícia;1632 -  ;0;0;0;245.992,90;0;0;0;0;0;0;0;0;245.992,90
26 - Secretaria de Estado de Segurança;33909200 - Despesas de Exercícios Anteriores;100 - Ordinários Provenientes de Impostos;181 - Policiamento;0070 - Gestão Operacional da Polícia;2055 -  ;0;0;0;902.209,95;4.807,00;276.738,23;20.383,00;23.735,50;10.918,00;-2.937,66;0;-950,08;1.234.903,94
26 - Secretaria de Estado de Segurança;44909200 - Despesas de Exercícios Anteriores;100 - Ordinários Provenientes de Impostos;181 - Policiamento;0070 - Gestão Operacional da Polícia;5424 -  ;0;0;0;459.117,45;0;0;0;0;0;0;0;0;459.117,45
26 - Secretaria de Estado de Segurança;33903000 - Material de Consumo;100 - Ordinários Provenientes de Impostos;181 - Policiamento;0070 - Gestão Operacional da Polícia;8250 -  ;0;0;0;8.509,80;499,5;0;9.393,80;4.935,00;0;54.956,50;30.166,94;-76.234,54;32.227,00
26 - Secretaria de Estado de Segurança;44905200 - Equipamentos e Material Permanente;100 - Ordinários Provenientes de Impostos;181 - Policiamento;0070 - Gestão Operacional da Polícia;8250 -  ;0;0;0;4.317,00;0;0;0;0;0;0;0;-4.317,00;0
26 - Secretaria de Estado de Segurança;33901400 - Diárias - Civil;100 - Ordinários Provenientes de Impostos;181 - Policiamento;0077 - Elaboração e Disseminação de Informações Sobr;5356 -  ;0;0;0;110;0;923;365;0;0;0;1.744,00;0;3.142,00
25 - Secretaria de Estado de Administração Peniten;33903900 - Outros Serviços de Terceiros - Pessoa Jurídic;100 - Ordinários Provenientes de Impostos;306 - Alimentação e Nutrição;0119 - Garantia dos Direitos dos Custodiados;8227 -  ;0;0;0;92.503.067,66;3.579.368,86;0;0;0;21.043.056,37;1.969.505,80;85.316.344,36;138.986.057,63;343.397.400,68
25 - Secretaria de Estado de Administração Peniten;33903900 - Outros Serviços de Terceiros - Pessoa Jurídic;100 - Ordinários Provenientes de Impostos;122 - Administração Geral;0002 - Gestão Administrativa;2010 -  ;0;0;0;0;3.184,00;0;0;0;0;0;0;-3.184,00;0
25 - Secretaria de Estado de Administração Peniten;33909200 - Despesas de Exercícios Anteriores;100 - Ordinários Provenientes de Impostos;122 - Administração Geral;0002 - Gestão Administrativa;2016 -  ;0;0;0;0;368.310,60;0;832.691,37;2.000,00;778.197,10;301.245,62;1.921.230,10;0;4.203.674,79
21 - Secretaria de Estado da Casa Civil e Desenvol;33900800 - Outros Benefícios Assistenciais do Servidor e;100 - Ordinários Provenientes de Impostos;122 - Administração Geral;0002 - Gestão Administrativa;2660 -  ;0;0;0;0;2.124,68;0;2.124,68;0;0;0;529,99;0;4.779,35
26 - Secretaria de Estado de Segurança;33909200 - Despesas de Exercícios Anteriores;100 - Ordinários Provenientes de Impostos;122 - Administração Geral;0002 - Gestão Administrativa;8021 -  ;0;0;0;0;1.951,12;1.115,14;0;412,8;2.076,96;4.722,08;7.145,23;18.022,97;35.446,30
26 - Secretaria de Estado de Segurança;33909200 - Despesas de Exercícios Anteriores;100 - Ordinários Provenientes de Impostos;181 - Policiamento;0060 - Integração da Segurança Pública;8201 -  ;0;0;0;0;17.910,85;11.283,21;0;0;0;0;0;0;29.194,06
26 - Secretaria de Estado de Segurança;33909200 - Despesas de Exercícios Anteriores;100 - Ordinários Provenientes de Impostos;181 - Policiamento;0067 - Gestão da Tecnologia da Informação, Comunicaç;8279 -  ;0;0;0;0;161.822,62;0;11.314,47;0;0;0;0;0;173.137,09
26 - Secretaria de Estado de Segurança;44903900 - Outros Serviços de Terceiros - Pessoa Jurídic;100 - Ordinários Provenientes de Impostos;181 - Policiamento;0077 - Elaboração e Disseminação de Informações Sobr;1008 -  ;0;0;0;0;3.605,00;0;0;0;0;0;0;0;3.605,00
26 - Secretaria de Estado de Segurança;33901400 - Diárias - Civil;100 - Ordinários Provenientes de Impostos;183 - Informação e Inteligência;0078 - Polícia Pacificadora;5355 -  ;0;0;0;0;246;937,5;0;1.014,00;0;0;272;0;2.469,50
25 - Secretaria de Estado de Administração Peniten;33909200 - Despesas de Exercícios Anteriores;100 - Ordinários Provenientes de Impostos;302 - Assistência Hospitalar e Ambulatorial;0119 - Garantia dos Direitos dos Custodiados;8228 -  ;0;0;0;0;2.700,00;208.983,57;9.900,00;0;0;0;0;0;221.583,57
25 - Secretaria de Estado de Administração Peniten;44909200 - Despesas de Exercícios Anteriores;100 - Ordinários Provenientes de Impostos;302 - Assistência Hospitalar e Ambulatorial;0119 - Garantia dos Direitos dos Custodiados;8228 -  ;0;0;0;0;14.200,00;14.200,00;0;0;0;21.000,00;0;-14.200,00;35.200,00
26 - Secretaria de Estado de Segurança;33904700 - Obrigações Tributárias e Contributivas;100 - Ordinários Provenientes de Impostos;122 - Administração Geral;0002 - Gestão Administrativa;2016 -  ;0;0;0;0;0;43.184,40;0;0;0;0;0;0;43.184,40
26 - Secretaria de Estado de Segurança;33901400 - Diárias - Civil;100 - Ordinários Provenientes de Impostos;181 - Policiamento;0070 - Gestão Operacional da Polícia;2055 -  ;0;0;0;0;0;9.473,00;12.610,00;-7.503,00;15.775,62;8.779,00;7.749,00;9.289,00;56.172,62
26 - Secretaria de Estado de Segurança;33903900 - Outros Serviços de Terceiros - Pessoa Jurídic;100 - Ordinários Provenientes de Impostos;181 - Policiamento;0070 - Gestão Operacional da Polícia;2055 -  ;0;0;0;0;0;1.030.030,35;938.962,92;0;-75.253,92;218.000,00;9.145,83;1.525.664,57;3.646.549,75
26 - Secretaria de Estado de Segurança;33903900 - Outros Serviços de Terceiros - Pessoa Jurídic;100 - Ordinários Provenientes de Impostos;181 - Policiamento;0070 - Gestão Operacional da Polícia;8032 -  ;0;0;0;0;0;1.037.503,44;23.127,18;0;0;0;15.865,44;703.061,56;1.779.557,62
26 - Secretaria de Estado de Segurança;33903900 - Outros Serviços de Terceiros - Pessoa Jurídic;100 - Ordinários Provenientes de Impostos;181 - Policiamento;0070 - Gestão Operacional da Polícia;8250 -  ;0;0;0;0;0;119.725,73;0;0;0;0;871.906,95;133.758,75;1.125.391,43
26 - Secretaria de Estado de Segurança;33909200 - Despesas de Exercícios Anteriores;100 - Ordinários Provenientes de Impostos;181 - Policiamento;0075 - Educação em Segurança Cidadã: Educando Para P;5363 -  ;0;0;0;0;0;117.266,40;0;0;0;0;0;0;117.266,40
26 - Secretaria de Estado de Segurança;33903900 - Outros Serviços de Terceiros - Pessoa Jurídic;100 - Ordinários Provenientes de Impostos;181 - Policiamento;0080 - Inovação Tecnológica para a Melhoria dos Proc;2046 -  ;0;0;0;0;0;202.008,09;0;0;0;1.745,00;59.696,94;1.078.789,55;1.342.239,58
26 - Secretaria de Estado de Segurança;33909200 - Despesas de Exercícios Anteriores;100 - Ordinários Provenientes de Impostos;181 - Policiamento;0080 - Inovação Tecnológica para a Melhoria dos Proc;2046 -  ;0;0;0;0;0;66.935,78;0;68,95;0;0;0;0;67.004,73
26 - Secretaria de Estado de Segurança;33903000 - Material de Consumo;100 - Ordinários Provenientes de Impostos;302 - Assistência Hospitalar e Ambulatorial;0082 - Fortalecimento da Valorização Profissional;2001 -  ;0;0;0;0;0;3.200,00;0;235;2.000,00;0;0;-235;5.200,00
26 - Secretaria de Estado de Segurança;33903900 - Outros Serviços de Terceiros - Pessoa Jurídic;100 - Ordinários Provenientes de Impostos;302 - Assistência Hospitalar e Ambulatorial;0082 - Fortalecimento da Valorização Profissional;2001 -  ;0;0;0;0;0;1.110,34;0;324,85;0;0;62.322,24;324,85;64.082,28
25 - Secretaria de Estado de Administração Peniten;33909200 - Despesas de Exercícios Anteriores;100 - Ordinários Provenientes de Impostos;306 - Alimentação e Nutrição;0119 - Garantia dos Direitos dos Custodiados;8227 -  ;0;0;0;0;0;4.135.491,40;2.288.069,24;-2.288.069,24;276.248,88;0;0;-276.248,88;4.135.491,40
25 - Secretaria de Estado de Administração Peniten;33903000 - Material de Consumo;100 - Ordinários Provenientes de Impostos;122 - Administração Geral;0002 - Gestão Administrativa;2016 -  ;0;0;0;0;0;0;57.800,00;1.260,00;19.320,00;0;-9.000,00;0;69.380,00
26 - Secretaria de Estado de Segurança;33909300 - Indenizações e Restituições;100 - Ordinários Provenientes de Impostos;122 - Administração Geral;0002 - Gestão Administrativa;2016 -  ;0;0;0;0;0;0;20.255,73;0;375.655,72;-78.446,52;0;-317.464,93;0
21 - Secretaria de Estado da Casa Civil e Desenvol;33901500 - Diárias - Militar;100 - Ordinários Provenientes de Impostos;181 - Policiamento;0059 - Desenvolvimento das Atividades de Segurança O;2281 -  ;0;0;0;0;0;0;9.911,00;8.258,00;12.231,00;11.805,00;23.142,00;0;65.347,00
26 - Secretaria de Estado de Segurança;33904700 - Obrigações Tributárias e Contributivas;100 - Ordinários Provenientes de Impostos;181 - Policiamento;0075 - Educação em Segurança Cidadã: Educando Para P;1036 -  ;0;0;0;0;0;0;39.060,70;8.953,10;0;0;6.386,90;3.955,90;58.356,60
25 - Secretaria de Estado de Administração Peniten;33903000 - Material de Consumo;100 - Ordinários Provenientes de Impostos;302 - Assistência Hospitalar e Ambulatorial;0119 - Garantia dos Direitos dos Custodiados;8228 -  ;0;0;0;0;0;0;30.718,00;0;0;0;0;-30.718,00;0
25 - Secretaria de Estado de Administração Peniten;33903900 - Outros Serviços de Terceiros - Pessoa Jurídic;100 - Ordinários Provenientes de Impostos;332 - Relações de Trabalho;0125 - Capacitação Profissional e Trabalho;8298 -  ;0;0;0;0;0;0;1.300.576,00;1.735.000,00;0;0;0;-17.743,09;3.017.832,91
21 - Secretaria de Estado da Casa Civil e Desenvol;44905200 - Equipamentos e Material Permanente;100 - Ordinários Provenientes de Impostos;122 - Administração Geral;0002 - Gestão Administrativa;2016 -  ;0;0;0;0;0;0;0;5.000,00;0;-56,1;0;0;4.943,90
25 - Secretaria de Estado de Administração Peniten;31909400 - Indenizações e Restituições Trabalhistas;100 - Ordinários Provenientes de Impostos;122 - Administração Geral;0002 - Gestão Administrativa;2660 -  ;0;0;0;0;0;0;0;1.534,67;0;0;2.382,40;0;3.917,07
25 - Secretaria de Estado de Administração Peniten;33904700 - Obrigações Tributárias e Contributivas;100 - Ordinários Provenientes de Impostos;122 - Administração Geral;0002 - Gestão Administrativa;0467 -  ;0;0;0;0;0;0;0;0;960,56;28,29;0;1.511,05;2.499,90
26 - Secretaria de Estado de Segurança;33903500 - Serviços de Consultoria;100 - Ordinários Provenientes de Impostos;122 - Administração Geral;0002 - Gestão Administrativa;2016 -  ;0;0;0;0;0;0;0;0;423.899,84;0;0;-423.899,84;0
26 - Secretaria de Estado de Segurança;33909200 - Despesas de Exercícios Anteriores;100 - Ordinários Provenientes de Impostos;181 - Policiamento;0070 - Gestão Operacional da Polícia;8250 -  ;0;0;0;0;0;0;0;0;5.529,78;4.303,00;0;0;9.832,78
25 - Secretaria de Estado de Administração Peniten;33903900 - Outros Serviços de Terceiros - Pessoa Jurídic;100 - Ordinários Provenientes de Impostos;421 - Custódia e Reintegração Social;0120 - Gestão do Sistema Prisional;8232 -  ;0;0;0;0;0;0;0;0;5.680,00;1.500.000,00;0;-152.895,85;1.352.784,15
26 - Secretaria de Estado de Segurança;44901400 - Diárias - Civil;100 - Ordinários Provenientes de Impostos;122 - Administração Geral;0002 - Gestão Administrativa;2016 -  ;0;0;0;0;0;0;0;0;0;253;0;0;253
26 - Secretaria de Estado de Segurança;44905200 - Equipamentos e Material Permanente;100 - Ordinários Provenientes de Impostos;122 - Administração Geral;0002 - Gestão Administrativa;2016 -  ;0;0;0;0;0;0;0;0;0;4.700,00;0;0;4.700,00
25 - Secretaria de Estado de Administração Peniten;33903600 - Outros Serviços de Terceiros - Pessoa Física;100 - Ordinários Provenientes de Impostos;122 - Administração Geral;0002 - Gestão Administrativa;2660 -  ;0;0;0;0;0;0;0;0;0;60.000,00;0;0;60.000,00
26 - Secretaria de Estado de Segurança;33904700 - Obrigações Tributárias e Contributivas;100 - Ordinários Provenientes de Impostos;122 - Administração Geral;0002 - Gestão Administrativa;8021 -  ;0;0;0;0;0;0;0;0;0;86,13;-86,13;0;0
26 - Secretaria de Estado de Segurança;33903000 - Material de Consumo;100 - Ordinários Provenientes de Impostos;181 - Policiamento;0070 - Gestão Operacional da Polícia;8059 -  ;0;0;0;0;0;0;0;0;0;582.498,75;-8.783,92;-72.498,75;501.216,08
26 - Secretaria de Estado de Segurança;44909200 - Despesas de Exercícios Anteriores;100 - Ordinários Provenientes de Impostos;181 - Policiamento;0070 - Gestão Operacional da Polícia;8250 -  ;0;0;0;0;0;0;0;0;0;86.004,00;0;0;86.004,00
26 - Secretaria de Estado de Segurança;33903000 - Material de Consumo;100 - Ordinários Provenientes de Impostos;181 - Policiamento;0080 - Inovação Tecnológica para a Melhoria dos Proc;2046 -  ;0;0;0;0;0;0;0;0;0;1.329.805,66;-3.695,50;-4,76;1.326.105,40
26 - Secretaria de Estado de Segurança;44909200 - Despesas de Exercícios Anteriores;100 - Ordinários Provenientes de Impostos;181 - Policiamento;0080 - Inovação Tecnológica para a Melhoria dos Proc;2046 -  ;0;0;0;0;0;0;0;0;0;496;0;0;496
26 - Secretaria de Estado de Segurança;44909200 - Despesas de Exercícios Anteriores;100 - Ordinários Provenientes de Impostos;302 - Assistência Hospitalar e Ambulatorial;0082 - Fortalecimento da Valorização Profissional;2001 -  ;0;0;0;0;0;0;0;0;0;2.500,00;0;0;2.500,00
21 - Secretaria de Estado da Casa Civil e Desenvol;33913900 - Outros Serviços de Terceiros - Pessoa Jurídic;100 - Ordinários Provenientes de Impostos;122 - Administração Geral;0002 - Gestão Administrativa;2016 -  ;0;0;0;0;0;0;0;0;0;0;1.590,00;0;1.590,00
16 - Secretaria de Estado de Defesa Civil;31919200 - Despesas de Exercícios Anteriores;100 - Ordinários Provenientes de Impostos;122 - Administração Geral;0002 - Gestão Administrativa;2660 -  ;0;0;0;0;0;0;0;0;0;0;790.160,62;0;790.160,62
26 - Secretaria de Estado de Segurança;33903900 - Outros Serviços de Terceiros - Pessoa Jurídic;100 - Ordinários Provenientes de Impostos;181 - Policiamento;0070 - Gestão Operacional da Polícia;8059 -  ;0;0;0;0;0;0;0;0;0;0;52.774,62;0;52.774,62
26 - Secretaria de Estado de Segurança;33913900 - Outros Serviços de Terceiros - Pessoa Jurídic;100 - Ordinários Provenientes de Impostos;181 - Policiamento;0077 - Elaboração e Disseminação de Informações Sobr;1012 -  ;0;0;0;0;0;0;0;0;0;0;345;0;345
25 - Secretaria de Estado de Administração Peniten;33909200 - Despesas de Exercícios Anteriores;100 - Ordinários Provenientes de Impostos;421 - Custódia e Reintegração Social;0120 - Gestão do Sistema Prisional;8232 -  ;0;0;0;0;0;0;0;0;0;0;750;0;750
16 - Secretaria de Estado de Defesa Civil;33904700 - Obrigações Tributárias e Contributivas;100 - Ordinários Provenientes de Impostos;122 - Administração Geral;0002 - Gestão Administrativa;2660 -  ;0;0;0;0;0;0;0;0;0;0;0;511,05;511,05
21 - Secretaria de Estado da Casa Civil e Desenvol;31909600 - Ressarcimento de Despesas de Pessoal Requisit;100 - Ordinários Provenientes de Impostos;122 - Administração Geral;0002 - Gestão Administrativa;2660 -  ;0;0;0;0;0;0;0;0;0;0;0;19.855,07;19.855,07
25 - Secretaria de Estado de Administração Peniten;44905200 - Equipamentos e Material Permanente;100 - Ordinários Provenientes de Impostos;334 - Fomento ao Trabalho;0125 - Capacitação Profissional e Trabalho;8299 -  ;0;0;0;0;0;0;0;0;0;0;0;172.449,85;172.449,85
25 - Secretaria de Estado de Administração Peniten;33903900 - Outros Serviços de Terceiros - Pessoa Jurídic;100 - Ordinários Provenientes de Impostos;421 - Custódia e Reintegração Social;0125 - Capacitação Profissional e Trabalho;8296 -  ;0;0;0;0;0;0;0;0;0;0;0;148.603,20;148.603,20
31 - Secretaria de Estado de Transportes;44909200 - Despesas de Exercícios Anteriores;111 - Operações de Crédito;181 - Policiamento;0069 - Modernização da Polícia;1632 -  ;0;0;0;814.914,88;0;0;0;0;0;203.203,43;0;-814.914,88;203.203,43
31 - Secretaria de Estado de Transportes;44909200 - Despesas de Exercícios Anteriores;111 - Operações de Crédito;182 - Defesa Civil;0120 - Gestão do Sistema Prisional;3937 -  ;0;0;0;5.568.799,13;290.247,16;0;0;0;0;0;0;-5.568.799,13;290.247,16
26 - Secretaria de Estado de Segurança;33903900 - Outros Serviços de Terceiros - Pessoa Jurídic;120 - Ressarcimento de Pessoal;122 - Administração Geral;0002 - Gestão Administrativa;2016 -  ;0;2.031.007,20;-283.094,42;341.248,57;1.590.000,00;0;0;0;527.389,21;6.515.323,13;6.189.160,52;-782.270,32;16.128.763,89
26 - Secretaria de Estado de Segurança;33903000 - Material de Consumo;120 - Ressarcimento de Pessoal;122 - Administração Geral;0002 - Gestão Administrativa;2016 -  ;0;0;328.318,96;0;1.371.054,40;185.618,14;22.200,00;1.335.892,00;0;1.000.000,00;463.742,46;-111.087,78;4.595.738,18
26 - Secretaria de Estado de Segurança;33901400 - Diárias - Civil;120 - Ressarcimento de Pessoal;122 - Administração Geral;0002 - Gestão Administrativa;2016 -  ;0;0;0;627;0;0;0;0;0;0;0;0;627
26 - Secretaria de Estado de Segurança;33903900 - Outros Serviços de Terceiros - Pessoa Jurídic;120 - Ressarcimento de Pessoal;122 - Administração Geral;0002 - Gestão Administrativa;8021 -  ;0;0;0;52.339,05;0;0;29.475,19;0;0;0;0;48.679,50;130.493,74
16 - Secretaria de Estado de Defesa Civil;33900800 - Outros Benefícios Assistenciais do Servidor e;120 - Ressarcimento de Pessoal;122 - Administração Geral;0002 - Gestão Administrativa;2016 -  ;0;0;0;0;0;1.952,51;0;0;0;0;0;0;1.952,51
26 - Secretaria de Estado de Segurança;33903900 - Outros Serviços de Terceiros - Pessoa Jurídic;120 - Ressarcimento de Pessoal;181 - Policiamento;0070 - Gestão Operacional da Polícia;2061 -  ;0;0;0;0;0;1.117.386,69;0;0;0;1.632.499,32;0;-1.913.662,76;836.223,25
26 - Secretaria de Estado de Segurança;33909200 - Despesas de Exercícios Anteriores;120 - Ressarcimento de Pessoal;122 - Administração Geral;0002 - Gestão Administrativa;2016 -  ;0;0;0;0;0;0;0;8.349,99;0;0;0;2.491.028,33;2.499.378,32
26 - Secretaria de Estado de Segurança;44903000 - Material de Consumo;120 - Ressarcimento de Pessoal;122 - Administração Geral;0002 - Gestão Administrativa;2016 -  ;0;0;0;0;0;0;0;4.608,00;0;4.608,00;0;0;9.216,00
26 - Secretaria de Estado de Segurança;33901500 - Diárias - Militar;120 - Ressarcimento de Pessoal;122 - Administração Geral;0002 - Gestão Administrativa;2016 -  ;0;0;0;0;0;0;0;0;25.739,00;56.702,00;11.844,00;2.616,00;96.901,00
26 - Secretaria de Estado de Segurança;44905200 - Equipamentos e Material Permanente;120 - Ressarcimento de Pessoal;122 - Administração Geral;0002 - Gestão Administrativa;2016 -  ;0;0;0;0;0;0;0;0;0;24.768,00;269.038,00;-186.888,00;106.918,00
26 - Secretaria de Estado de Segurança;44909200 - Despesas de Exercícios Anteriores;120 - Ressarcimento de Pessoal;122 - Administração Geral;0002 - Gestão Administrativa;2016 -  ;0;0;0;0;0;0;0;0;0;15.322,28;0;0;15.322,28
26 - Secretaria de Estado de Segurança;33900800 - Outros Benefícios Assistenciais do Servidor e;120 - Ressarcimento de Pessoal;122 - Administração Geral;0002 - Gestão Administrativa;2016 -  ;0;0;0;0;0;0;0;0;0;0;0;570.000,00;570.000,00
26 - Secretaria de Estado de Segurança;33909200 - Despesas de Exercícios Anteriores;120 - Ressarcimento de Pessoal;181 - Policiamento;0070 - Gestão Operacional da Polícia;2061 -  ;0;0;0;0;0;0;0;0;0;0;0;121.203,67;121.203,67
26 - Secretaria de Estado de Segurança            ;31901700 - Outras Despesas Variáveis - Pessoal Militar;212 - Transferências Voluntárias;122 - Administração Geral;0002 - Gestão Administrativa;2660 - Pessoal e Encargos Sociais;0;269.700,00;357.075,00;262.350,00;841.875,00;416.459,26;632.633,40;546.532,34;176.850,00;483.144,33;1.464.055,67;1.594.150,00;7.918.025,00
26 - Secretaria de Estado de Segurança;33909300 - Indenizações e Restituições;212 - Transferências Voluntárias;122 - Administração Geral;0002 - Gestão Administrativa;2660 -  ;0;0;5.871,85;-5.871,85;0;3.094,92;0;-3.094,92;0;0;0;0;0
26 - Secretaria de Estado de Segurança;33903000 - Material de Consumo;212 - Transferências Voluntárias;122 - Administração Geral;0002 - Gestão Administrativa;8055 -  ;0;0;0;690.875,36;0;0;0;0;0;0;0;0;690.875,36
26 - Secretaria de Estado de Segurança;33903900 - Outros Serviços de Terceiros - Pessoa Jurídic;212 - Transferências Voluntárias;122 - Administração Geral;0002 - Gestão Administrativa;8055 -  ;0;0;0;114.042,00;39.319,25;30.143,60;49.041,00;4.000,00;0;0;-8.000,00;-6.000,00;222.545,85
26 - Secretaria de Estado de Segurança;33909200 - Despesas de Exercícios Anteriores;212 - Transferências Voluntárias;181 - Policiamento;0075 - Educação em Segurança Cidadã: Educando Para P;5363 -  ;0;0;0;0;0;36.645,60;0;24.800,00;0;0;0;0;61.445,60
26 - Secretaria de Estado de Segurança;33909300 - Indenizações e Restituições;212 - Transferências Voluntárias;122 - Administração Geral;0002 - Gestão Administrativa;2016 -  ;0;0;0;0;0;0;178.901,40;21.771,59;0;0;0;0;200.672,99
26 - Secretaria de Estado de Segurança;33903600 - Outros Serviços de Terceiros - Pessoa Física;212 - Transferências Voluntárias;181 - Policiamento;0075 - Educação em Segurança Cidadã: Educando Para P;5363 -  ;0;0;0;0;0;0;38.800,00;0;0;0;0;0;38.800,00
26 - Secretaria de Estado de Segurança;33909300 - Indenizações e Restituições;212 - Transferências Voluntárias;181 - Policiamento;0075 - Educação em Segurança Cidadã: Educando Para P;5363 -  ;0;0;0;0;0;0;26.668,32;0;0;0;0;0;26.668,32
26 - Secretaria de Estado de Segurança;44905200 - Equipamentos e Material Permanente;212 - Transferências Voluntárias;181 - Policiamento;0082 - Fortalecimento da Valorização Profissional;1024 -  ;0;0;0;0;0;0;0;7.960,00;0;0;0;0;7.960,00
21 - Secretaria de Estado da Casa Civil e Desenvol;33903900 - Outros Serviços de Terceiros - Pessoa Jurídic;212 - Transferências Voluntárias;782 - Transporte Rodoviário;0064 - Modernização dos Serviços Operacionais do DET;3010 -  ;0;0;0;0;0;0;0;557.319,00;728.375,41;198.284,32;0;0;1.483.978,73
26 - Secretaria de Estado de Segurança;33904600 - Auxílio Alimentação;212 - Transferências Voluntárias;122 - Administração Geral;0002 - Gestão Administrativa;2660 -  ;0;0;0;0;0;0;0;0;12.127,50;22.432,50;178.965,00;193.365,00;406.890,00
26 - Secretaria de Estado de Segurança;33904900 - Auxílio Transporte;212 - Transferências Voluntárias;122 - Administração Geral;0002 - Gestão Administrativa;2660 -  ;0;0;0;0;0;0;0;0;871;19.097,00;103.402,00;111.722,00;235.092,00
25 - Secretaria de Estado de Administração Peniten;33903000 - Material de Consumo;212 - Transferências Voluntárias;421 - Custódia e Reintegração Social;0120 - Gestão do Sistema Prisional;8232 -  ;0;0;0;0;0;0;0;0;11.070,54;0;0;0;11.070,54
25 - Secretaria de Estado de Administração Peniten;33903900 - Outros Serviços de Terceiros - Pessoa Jurídic;212 - Transferências Voluntárias;421 - Custódia e Reintegração Social;0120 - Gestão do Sistema Prisional;8232 -  ;0;0;0;0;0;0;0;0;51.120,00;0;0;0;51.120,00
16 - Secretaria de Estado de Defesa Civil;31901700 - Outras Despesas Variáveis - Pessoal Militar;212 - Transferências Voluntárias;122 - Administração Geral;0002 - Gestão Administrativa;2660 -  ;0;0;0;0;0;0;0;0;0;54.750,00;112.200,00;46.650,00;213.600,00
26 - Secretaria de Estado de Segurança;31909200 - Despesas de Exercícios Anteriores;212 - Transferências Voluntárias;122 - Administração Geral;0002 - Gestão Administrativa;2660 -  ;0;0;0;0;0;0;0;0;0;0;107.700,00;-107.700,00;0
25 - Secretaria de Estado de Administração Peniten;33909200 - Despesas de Exercícios Anteriores;212 - Transferências Voluntárias;421 - Custódia e Reintegração Social;0120 - Gestão do Sistema Prisional;8232 -  ;0;0;0;0;0;0;0;0;0;0;6.750,00;0;6.750,00
16 - Secretaria de Estado de Defesa Civil;33909300 - Indenizações e Restituições;212 - Transferências Voluntárias;122 - Administração Geral;0002 - Gestão Administrativa;2660 -  ;0;0;0;0;0;0;0;0;0;0;0;19.500,00;19.500,00
26 - Secretaria de Estado de Segurança;33903000 - Material de Consumo;218 - Transferências Intraorçamentárias;122 - Administração Geral;0002 - Gestão Administrativa;8055 -  ;0;96.761,50;1.370.853,50;634.499,89;0;0;687.686,56;0;0;770.000,00;-9.684,96;0;3.550.116,49
26 - Secretaria de Estado de Segurança;33903900 - Outros Serviços de Terceiros - Pessoa Jurídic;218 - Transferências Intraorçamentárias;122 - Administração Geral;0002 - Gestão Administrativa;8055 -  ;0;0;16.950,00;0;0;0;192.033,41;272.095,00;0;0;0;66.669,00;547.747,41
26 - Secretaria de Estado de Segurança;33909300 - Indenizações e Restituições;218 - Transferências Intraorçamentárias;181 - Policiamento;0070 - Gestão Operacional da Polícia;2878 -  ;0;0;0;0;1.771.435,73;0;0;0;0;0;1.540.808,13;0;3.312.243,86
26 - Secretaria de Estado de Segurança;33909300 - Indenizações e Restituições;218 - Transferências Intraorçamentárias;122 - Administração Geral;0002 - Gestão Administrativa;2016 -  ;0;0;0;0;0;30.230.018,16;0;0;0;0;0;0;30.230.018,16
25 - Secretaria de Estado de Administração Peniten;33903000 - Material de Consumo;224 - Transferências Legais Recebidas da União;122 - Administração Geral;0002 - Gestão Administrativa;2016 -  ;0;0;0;0;0;0;0;0;0;1.274.900,00;0;0;1.274.900,00
25 - Secretaria de Estado de Administração Peniten;44905200 - Equipamentos e Material Permanente;224 - Transferências Legais Recebidas da União;421 - Custódia e Reintegração Social;0120 - Gestão do Sistema Prisional;5396 -  ;0;0;0;0;0;0;0;0;0;2.826.375,20;2.217.862,40;0;5.044.237,60
16 - Secretaria de Estado de Defesa Civil;33903000 - Material de Consumo;225 - Sistema Único de Saúde- SUS;182 - Defesa Civil;0299 - Ampliação da Capacidade para Atendimento e Re;2676 -  ;0;0;0;177.505,60;0;0;-104.733,60;22.072,80;0;-66.500,00;0;0;28.344,80
16 - Secretaria de Estado de Defesa Civil;44903000 - Material de Consumo;225 - Sistema Único de Saúde- SUS;182 - Defesa Civil;0299 - Ampliação da Capacidade para Atendimento e Re;2676 -  ;0;0;0;65.250,00;-65.250,00;0;0;0;0;0;0;0;0
16 - Secretaria de Estado de Defesa Civil;44905200 - Equipamentos e Material Permanente;225 - Sistema Único de Saúde- SUS;182 - Defesa Civil;0299 - Ampliação da Capacidade para Atendimento e Re;2676 -  ;0;0;0;0;65.250,00;0;0;0;0;-4.050,00;0;-61.200,00;0
16 - Secretaria de Estado de Defesa Civil;33909200 - Despesas de Exercícios Anteriores;225 - Sistema Único de Saúde- SUS;182 - Defesa Civil;0299 - Ampliação da Capacidade para Atendimento e Re;2676 -  ;0;0;0;0;0;0;0;0;43.488,00;0;0;0;43.488,00
26 - Secretaria de Estado de Segurança;33903900 - Outros Serviços de Terceiros - Pessoa Jurídic;230 - Recursos Próprios;122 - Administração Geral;0002 - Gestão Administrativa;2297 -  ;1.156.500,00;16.000,00;2.241.786,22;289.000,00;1.173.693,45;1.206.711,20;842.446,59;1.061.241,82;1.204.766,86;1.250.371,82;2.551.402,41;694.380,00;15.289.630,37
21 - Secretaria de Estado da Casa Civil e Desenvol;31911300 - Obrigações Patronais;230 - Recursos Próprios;122 - Administração Geral;0002 - Gestão Administrativa;2660 -  ;1.950.287,34;633.182,56;508,64;0;0;0;0;674.221,92;2.518.854,37;2.359.835,39;5.022.178,50;2.084.288,68;15.243.357,40
21 - Secretaria de Estado da Casa Civil e Desenvol;31919600 - Ressarcimento de Despesas de Pessoal Requisit;230 - Recursos Próprios;122 - Administração Geral;0002 - Gestão Administrativa;2660 -  ;67.588,30;0;-67.588,30;0;0;0;0;0;0;0;0;0;0
21 - Secretaria de Estado da Casa Civil e Desenvol;33903400 - Outras Despesas de Pessoal Decorrentes de Con;230 - Recursos Próprios;122 - Administração Geral;0002 - Gestão Administrativa;2660 -  ;353.442,04;168.316,58;521.758,62;329.875,42;0;0;0;-135,14;-66,13;0;0;-79.842,17;1.293.349,22
26 - Secretaria de Estado de Segurança;33903900 - Outros Serviços de Terceiros - Pessoa Jurídic;230 - Recursos Próprios;122 - Administração Geral;0002 - Gestão Administrativa;8111 -  ;574.100,00;0;14.455.416,70;-436.365,20;2.315.593,26;1.828.644,79;2.378.162,94;3.075.652,16;8.711.945,99;1.625.002,88;6.135.053,85;4.454.913,37;45.118.120,74
26 - Secretaria de Estado de Segurança            ;33903900 - Outros Serviços de Terceiros - Pessoa Jurídic;230 - Recursos Próprios;302 - Assistência Hospitalar e Ambulatorial;0002 - Gestão Administrativa;2978 - Apoio à operacionalização da Saúde do Policia;0;0;0;0;0;0;0;0;0;0;0;0;1.094.100,00
25 - Secretaria de Estado de Administração Peniten;33903900 - Outros Serviços de Terceiros - Pessoa Jurídic;230 - Recursos Próprios;122 - Administração Geral;0002 - Gestão Administrativa;2016 -  ;0;96.000,00;1.960.015,97;461.901,75;1.046.126,48;450.363,74;397.653,72;885.269,59;664.130,76;815.448,18;646.827,14;731.235,75;8.154.973,08
26 - Secretaria de Estado de Segurança;33909200 - Despesas de Exercícios Anteriores;230 - Recursos Próprios;122 - Administração Geral;0002 - Gestão Administrativa;2297 -  ;0;435.226,06;629.392,42;86.660,60;398.177,72;15.379,01;105.884,02;1.299.361,16;187.752,76;101.769,31;10.547,34;354.422,27;3.624.572,67
21 - Secretaria de Estado da Casa Civil e Desenvol;31901100 - Vencimentos e Vantagens Fixas - Pessoal Civil;230 - Recursos Próprios;122 - Administração Geral;0002 - Gestão Administrativa;2660 -  ;0;10.046.558,82;0;0;0;0;0;0;9.536.273,34;9.500.347,68;9.517.448,80;9.397.478,85;47.998.107,49
21 - Secretaria de Estado da Casa Civil e Desenvol;31901600 - Outras Despesas Variáveis - Pessoal Civil;230 - Recursos Próprios;122 - Administração Geral;0002 - Gestão Administrativa;2660 -  ;0;2.970.089,37;0;0;0;0;0;0;17.803.876,66;3.047.321,51;2.984.039,62;2.925.660,98;29.730.988,14
21 - Secretaria de Estado da Casa Civil e Desenvol;31909100 - Sentenças Judiciais;230 - Recursos Próprios;122 - Administração Geral;0002 - Gestão Administrativa;2660 -  ;0;4.532,53;0;0;0;0;0;0;4.532,32;4.532,32;4.532,32;4.532,32;22.661,81
21 - Secretaria de Estado da Casa Civil e Desenvol;31909200 - Despesas de Exercícios Anteriores;230 - Recursos Próprios;122 - Administração Geral;0002 - Gestão Administrativa;2660 -  ;0;22.441,47;0;0;0;0;0;0;259.877,46;28.303,19;85.733,97;21.660,86;418.016,95
21 - Secretaria de Estado da Casa Civil e Desenvol;33900800 - Outros Benefícios Assistenciais do Servidor e;230 - Recursos Próprios;122 - Administração Geral;0002 - Gestão Administrativa;2660 -  ;0;793.631,60;0;0;0;0;0;0;796.273,31;786.949,56;801.206,57;786.152,37;3.964.213,41
21 - Secretaria de Estado da Casa Civil e Desenvol;33904600 - Auxílio Alimentação;230 - Recursos Próprios;122 - Administração Geral;0002 - Gestão Administrativa;2660 -  ;0;1.764.841,50;0;0;0;0;0;0;1.709.146,79;1.683.783,62;1.555.380,78;1.875.486,54;8.588.639,23
26 - Secretaria de Estado de Segurança;33903000 - Material de Consumo;230 - Recursos Próprios;122 - Administração Geral;0002 - Gestão Administrativa;8111 -  ;0;71.879,40;7.179.861,66;672.363,59;1.961.605,03;1.306.636,26;3.299.445,32;5.697.415,45;3.889.891,24;1.186.235,03;2.592.572,03;4.478.839,69;32.336.744,70
26 - Secretaria de Estado de Segurança;33909200 - Despesas de Exercícios Anteriores;230 - Recursos Próprios;122 - Administração Geral;0002 - Gestão Administrativa;8111 -  ;0;102.150,00;1.858.337,37;1.684.445,10;358.450,82;452.679,44;709.247,44;577.475,25;111.766,92;85.587,09;71.760,00;262.434,44;6.274.333,87
25 - Secretaria de Estado de Administração Peniten;33903900 - Outros Serviços de Terceiros - Pessoa Jurídic;230 - Recursos Próprios;332 - Relações de Trabalho;0125 - Capacitação Profissional e Trabalho;8297 -  ;0;1.216.666,00;664.178,00;0;616.430,00;544.172,00;0;1.092.590,00;515.340,00;1.178.980,00;1.009.529,00;1.566.975,51;8.404.860,51
25 - Secretaria de Estado de Administração Peniten;33901400 - Diárias - Civil;230 - Recursos Próprios;122 - Administração Geral;0002 - Gestão Administrativa;2016 -  ;0;0;2.220,00;264;0;0;0;0;0;0;8.595,00;-169;10.910,00
25 - Secretaria de Estado de Administração Peniten;33903000 - Material de Consumo;230 - Recursos Próprios;122 - Administração Geral;0002 - Gestão Administrativa;2016 -  ;0;0;164.840,00;34.460,00;0;82.680,00;108.000,00;0;0;0;0;16.200,00;406.180,00
25 - Secretaria de Estado de Administração Peniten;44905200 - Equipamentos e Material Permanente;230 - Recursos Próprios;122 - Administração Geral;0002 - Gestão Administrativa;2016 -  ;0;0;26.505,00;0;74.250,00;-26.505,00;0;0;0;0;0;0;74.250,00
26 - Secretaria de Estado de Segurança;33903000 - Material de Consumo;230 - Recursos Próprios;122 - Administração Geral;0002 - Gestão Administrativa;2297 -  ;0;0;18.214.000,00;-1.209.602,52;1.102.259,01;1.325.000,00;-1.335,15;1.891.798,90;5.703.091,49;350.700,00;1.496.740,62;3.494.177,56;32.366.829,91
26 - Secretaria de Estado de Segurança;33903600 - Outros Serviços de Terceiros - Pessoa Física;230 - Recursos Próprios;122 - Administração Geral;0002 - Gestão Administrativa;2297 -  ;0;0;172.034,87;36.714,96;40.800,00;0;0;0;0;0;39.859,20;50.009,29;339.418,32
26 - Secretaria de Estado de Segurança;33903600 - Outros Serviços de Terceiros - Pessoa Física;230 - Recursos Próprios;122 - Administração Geral;0002 - Gestão Administrativa;8111 -  ;0;0;572.573,10;0;171.184,10;665.293,07;2.026.899,80;25.600,00;4.000,00;48.000,00;27.200,00;29.561,00;3.570.311,07
26 - Secretaria de Estado de Segurança;33903700 - Locação de Mão de Obra;230 - Recursos Próprios;122 - Administração Geral;0002 - Gestão Administrativa;8111 -  ;0;0;553.541,00;0;0;0;493.570,40;-428.858,53;0;1.416.000,00;0;0;2.034.252,87
26 - Secretaria de Estado de Segurança;33904700 - Obrigações Tributárias e Contributivas;230 - Recursos Próprios;122 - Administração Geral;0002 - Gestão Administrativa;8111 -  ;0;0;131.975,47;0;33.304,30;131.618,61;408.044,30;-2.664,34;0;0;0;0;702.278,34
26 - Secretaria de Estado de Segurança;44905200 - Equipamentos e Material Permanente;230 - Recursos Próprios;122 - Administração Geral;0002 - Gestão Administrativa;8111 -  ;0;0;47.488,00;212.000,00;0;0;0;0;0;0;18.490,00;0;277.978,00
25 - Secretaria de Estado de Administração Peniten;33909200 - Despesas de Exercícios Anteriores;230 - Recursos Próprios;122 - Administração Geral;0002 - Gestão Administrativa;2016 -  ;0;0;0;2.893,28;224.139,28;87.842,14;255.054,13;87.155,20;250.845,85;87.155,20;174.310,40;-500;1.168.895,48
25 - Secretaria de Estado de Administração Peniten;33913900 - Outros Serviços de Terceiros - Pessoa Jurídic;230 - Recursos Próprios;122 - Administração Geral;0002 - Gestão Administrativa;2016 -  ;0;0;0;32.487,97;22.337,25;0;0;0;36.526,12;22.232,59;24.468,01;-1;138.050,94
26 - Secretaria de Estado de Segurança;33900300 - Pensões do RPPS e do Militar;230 - Recursos Próprios;122 - Administração Geral;0002 - Gestão Administrativa;8111 -  ;0;0;0;0;692.488,00;0;0;0;0;0;0;0;692.488,00
26 - Secretaria de Estado de Segurança;33909300 - Indenizações e Restituições;230 - Recursos Próprios;122 - Administração Geral;0002 - Gestão Administrativa;8111 -  ;0;0;0;0;44.456,39;28.508,53;-107,02;0;0;42.711,73;14.502,15;22.092,85;152.164,63
26 - Secretaria de Estado de Segurança;44903900 - Outros Serviços de Terceiros - Pessoa Jurídic;230 - Recursos Próprios;122 - Administração Geral;0002 - Gestão Administrativa;8111 -  ;0;0;0;0;0;0;0;500.000,00;0;0;0;-311.314,21;188.685,79
21 - Secretaria de Estado da Casa Civil e Desenvol;31901300 - Obrigações Patronais;230 - Recursos Próprios;122 - Administração Geral;0002 - Gestão Administrativa;2660 -  ;0;0;0;0;0;0;0;0;604.305,49;299.189,63;551.423,51;293.829,80;1.748.748,43
25 - Secretaria de Estado de Administração Peniten;44909200 - Despesas de Exercícios Anteriores;230 - Recursos Próprios;122 - Administração Geral;0002 - Gestão Administrativa;2016 -  ;0;0;0;0;0;0;0;0;0;98.000,00;0;0;98.000,00
21 - Secretaria de Estado da Casa Civil e Desenvol;31919200 - Despesas de Exercícios Anteriores;230 - Recursos Próprios;122 - Administração Geral;0002 - Gestão Administrativa;2660 -  ;0;0;0;0;0;0;0;0;0;0;0;4.487.532,96;4.487.532,96
21 - Secretaria de Estado da Casa Civil e Desenvol;33904700 - Obrigações Tributárias e Contributivas;232 - Taxas pelo Exercício do Poder de Polícia e po;122 - Administração Geral;0002 - Gestão Administrativa;0467 -  ;2.347.000,00;2.330.816,10;1.255.632,63;173.877,40;670.000,00;0;1.535.096,05;1.050.816,10;700.000,00;47.110,06;570.000,00;1.264.442,51;15.486.965,04
21 - Secretaria de Estado da Casa Civil e Desenvol;33903900 - Outros Serviços de Terceiros - Pessoa Jurídic;232 - Taxas pelo Exercício do Poder de Polícia e po;122 - Administração Geral;0002 - Gestão Administrativa;2010 -  ;308.871,98;317.419,03;0;321.012,70;0;622.125,40;0;253.000,00;0;0;466.594,05;-910.619,06;1.628.404,10
21 - Secretaria de Estado da Casa Civil e Desenvol;33901400 - Diárias - Civil;232 - Taxas pelo Exercício do Poder de Polícia e po;122 - Administração Geral;0002 - Gestão Administrativa;2016 -  ;45.556,00;31.850,90;66.991,00;80.476,50;79.152,00;102.855,00;87.800,50;94.512,33;135.971,00;111.277,00;86.330,00;-92.890,70;829.881,53
21 - Secretaria de Estado da Casa Civil e Desenvol;33903000 - Material de Consumo;232 - Taxas pelo Exercício do Poder de Polícia e po;122 - Administração Geral;0002 - Gestão Administrativa;2016 -  ;142.639,40;0;14.672,00;72.121,30;608.984,40;151.738,00;0;188.275,25;0;1.950,00;2.236,00;-169.361,82;1.217.796,45
21 - Secretaria de Estado da Casa Civil e Desenvol;33903600 - Outros Serviços de Terceiros - Pessoa Física;232 - Taxas pelo Exercício do Poder de Polícia e po;122 - Administração Geral;0002 - Gestão Administrativa;2016 -  ;10.806,15;0;0;80.806,74;10.758,81;0;31.222,04;0;11.012,18;0;0;53.102,25;259.048,57
21 - Secretaria de Estado da Casa Civil e Desenvol;33903900 - Outros Serviços de Terceiros - Pessoa Jurídic;232 - Taxas pelo Exercício do Poder de Polícia e po;122 - Administração Geral;0002 - Gestão Administrativa;2016 -  ;13.124.799,31;19.136.138,10;1.390.750,44;21.502.422,17;3.003.263,75;19.790.110,85;5.695.451,55;8.260.278,61;8.116.524,88;6.467.048,31;19.368.775,51;10.069.184,07;161.667.889,41
21 - Secretaria de Estado da Casa Civil e Desenvol;31901100 - Vencimentos e Vantagens Fixas - Pessoal Civil;232 - Taxas pelo Exercício do Poder de Polícia e po;122 - Administração Geral;0002 - Gestão Administrativa;2660 -  ;11.267.156,73;1.289.630,00;11.367.995,50;11.539.241,36;11.485.030,23;10.776.631,69;10.822.699,63;10.767.896,42;15.990,46;1.291.087,21;1.568.057,33;-2.049.289,12;91.599.184,24
21 - Secretaria de Estado da Casa Civil e Desenvol;31901300 - Obrigações Patronais;232 - Taxas pelo Exercício do Poder de Polícia e po;122 - Administração Geral;0002 - Gestão Administrativa;2660 -  ;396.614,05;306.948,97;756.197,54;404.965,56;473.451,29;407.884,54;404.869,30;406.225,52;77.961,54;138.078,09;97.682,96;-137.148,02;4.050.217,85
21 - Secretaria de Estado da Casa Civil e Desenvol;31901600 - Outras Despesas Variáveis - Pessoal Civil;232 - Taxas pelo Exercício do Poder de Polícia e po;122 - Administração Geral;0002 - Gestão Administrativa;2660 -  ;2.197.092,01;0;18.893.889,63;3.397.327,63;3.949.292,78;3.674.719,09;3.609.582,68;3.658.768,85;534.335,36;536.823,22;532.771,76;479.090,99;43.201.800,97
21 - Secretaria de Estado da Casa Civil e Desenvol;31909100 - Sentenças Judiciais;232 - Taxas pelo Exercício do Poder de Polícia e po;122 - Administração Geral;0002 - Gestão Administrativa;2660 -  ;4.532,53;0;4.532,53;4.532,32;4.532,32;4.532,32;4.532,32;4.532,32;0;0;0;0;31.726,66
21 - Secretaria de Estado da Casa Civil e Desenvol;31909200 - Despesas de Exercícios Anteriores;232 - Taxas pelo Exercício do Poder de Polícia e po;122 - Administração Geral;0002 - Gestão Administrativa;2660 -  ;2.143.387,98;0;25.179,28;90.670,75;11.520,20;15.601,72;53.877,39;79.317,96;0;65,54;0;0;4.500.397,72
21 - Secretaria de Estado da Casa Civil e Desenvol;31911300 - Obrigações Patronais;232 - Taxas pelo Exercício do Poder de Polícia e po;122 - Administração Geral;0002 - Gestão Administrativa;2660 -  ;247.324,00;1.571.440,08;2.201.475,92;2.221.762,10;2.242.711,96;2.337.216,32;2.273.699,36;1.645.170,38;0;328.511,00;0;-2.543.677,00;14.888.761,45
21 - Secretaria de Estado da Casa Civil e Desenvol;31919600 - Ressarcimento de Despesas de Pessoal Requisit;232 - Taxas pelo Exercício do Poder de Polícia e po;122 - Administração Geral;0002 - Gestão Administrativa;2660 -  ;88.858,38;67.588,30;0;0;180.886,78;67.601,06;0;57.183,59;43.081,83;0;0;-112.960,44;988.166,26
21 - Secretaria de Estado da Casa Civil e Desenvol;33904600 - Auxílio Alimentação;232 - Taxas pelo Exercício do Poder de Polícia e po;122 - Administração Geral;0002 - Gestão Administrativa;2660 -  ;1.411.499,78;0;1.648.613,94;1.864.072,34;1.885.378,19;1.887.920,19;1.851.120,78;1.767.636,05;0;0;0;-361,32;13.657.425,07
21 - Secretaria de Estado da Casa Civil e Desenvol;33903900 - Outros Serviços de Terceiros - Pessoa Jurídic;232 - Taxas pelo Exercício do Poder de Polícia e po;122 - Administração Geral;0002 - Gestão Administrativa;8021 -  ;1.896.536,17;500.000,00;251.920,00;2.054.533,34;80.512,16;1.242.909,02;515.000,00;1.389.182,06;516.981,44;0;1.130.454,73;589.276,70;11.686.112,62
21 - Secretaria de Estado da Casa Civil e Desenvol;33903900 - Outros Serviços de Terceiros - Pessoa Jurídic;232 - Taxas pelo Exercício do Poder de Polícia e po;125 - Normatização e Fiscalização;0064 - Modernização dos Serviços Operacionais do DET;3836 -  ;6.726.690,54;5.282.016,72;435.965,11;7.411.574,99;800.621,16;6.729.075,58;158.400,00;2.909.685,95;664.796,62;4.204.621,63;6.222.379,79;5.972.972,84;55.088.880,45
21 - Secretaria de Estado da Casa Civil e Desenvol;44905200 - Equipamentos e Material Permanente;232 - Taxas pelo Exercício do Poder de Polícia e po;125 - Normatização e Fiscalização;0064 - Modernização dos Serviços Operacionais do DET;3836 -  ;71.958,00;0;10.200,00;0;878.044,14;2.920,00;0;586.243,75;131.250,00;0;0;-107.287,74;1.573.328,15
21 - Secretaria de Estado da Casa Civil e Desenvol;33903000 - Material de Consumo;232 - Taxas pelo Exercício do Poder de Polícia e po;125 - Normatização e Fiscalização;0064 - Modernização dos Serviços Operacionais do DET;4111 -  ;328.505,56;168.280,00;203.520,00;105.435,00;0;151.210,00;5.800,00;650;16.966,00;90.000,00;0;-27.945,71;1.084.627,05
21 - Secretaria de Estado da Casa Civil e Desenvol;33903600 - Outros Serviços de Terceiros - Pessoa Física;232 - Taxas pelo Exercício do Poder de Polícia e po;125 - Normatização e Fiscalização;0064 - Modernização dos Serviços Operacionais do DET;4111 -  ;369.581,25;0;37.584,61;408.478,82;0;25.750,63;107.933,04;31.896,55;108.502,79;212.174,66;17.726,66;16.924,50;2.253.115,65
21 - Secretaria de Estado da Casa Civil e Desenvol;33903900 - Outros Serviços de Terceiros - Pessoa Jurídic;232 - Taxas pelo Exercício do Poder de Polícia e po;125 - Normatização e Fiscalização;0064 - Modernização dos Serviços Operacionais do DET;4111 -  ;14.635.124,13;26.051.991,20;9.872.400,13;24.136.549,98;22.088.785,04;22.406.474,63;4.934.825,28;23.463.965,15;17.963.798,60;17.119.921,40;41.407.689,23;15.080.642,58;299.926.952,42
21 - Secretaria de Estado da Casa Civil e Desenvol;33909200 - Despesas de Exercícios Anteriores;232 - Taxas pelo Exercício do Poder de Polícia e po;125 - Normatização e Fiscalização;0064 - Modernização dos Serviços Operacionais do DET;4111 -  ;413.363,35;3.690.543,84;594.772,45;4.154.394,29;1.742.107,12;186.902,77;692.459,09;774.030,80;242.679,17;439.882,68;809.094,02;3.451.836,34;17.192.065,92
21 - Secretaria de Estado da Casa Civil e Desenvol;33913900 - Outros Serviços de Terceiros - Pessoa Jurídic;232 - Taxas pelo Exercício do Poder de Polícia e po;125 - Normatização e Fiscalização;0064 - Modernização dos Serviços Operacionais do DET;4111 -  ;17.116.332,16;48.285,00;25.078.785,14;5.559.028,22;3.562.604,77;2.739.111,56;2.554.372,45;3.066.555,79;2.427.128,53;2.227.227,08;1.532.548,63;1.812.246,84;104.942.012,87
21 - Secretaria de Estado da Casa Civil e Desenvol;33903000 - Material de Consumo;232 - Taxas pelo Exercício do Poder de Polícia e po;125 - Normatização e Fiscalização;0064 - Modernização dos Serviços Operacionais do DET;4120 -  ;50.457,60;0;20.898,00;0;50.457,60;0;86.958,00;0;0;2.520,00;0;-6.966,00;211.291,20
21 - Secretaria de Estado da Casa Civil e Desenvol;33903600 - Outros Serviços de Terceiros - Pessoa Física;232 - Taxas pelo Exercício do Poder de Polícia e po;125 - Normatização e Fiscalização;0064 - Modernização dos Serviços Operacionais do DET;4120 -  ;124.002,37;0;0;86.610,26;151,89;131.672,28;52.293,15;28.279,08;0;41.787,50;14.800,00;22.608,87;637.442,13
21 - Secretaria de Estado da Casa Civil e Desenvol;33903900 - Outros Serviços de Terceiros - Pessoa Jurídic;232 - Taxas pelo Exercício do Poder de Polícia e po;125 - Normatização e Fiscalização;0064 - Modernização dos Serviços Operacionais do DET;4120 -  ;3.494.090,72;5.595.320,39;18.602,43;5.277.473,01;990.907,54;1.334.860,77;14.375.105,85;3.775.806,67;1.874.592,44;356.755,52;7.798.977,42;12.005.255,50;69.381.918,38
21 - Secretaria de Estado da Casa Civil e Desenvol;33903600 - Outros Serviços de Terceiros - Pessoa Física;232 - Taxas pelo Exercício do Poder de Polícia e po;422 - Direitos Individuais, Coletivos e Difusos;0064 - Modernização dos Serviços Operacionais do DET;4119 -  ;18.673,20;0;95.474,04;18.973,20;0;0;0;20.524,34;101.246,52;19.873,86;5.772,48;-25.597,33;346.219,23
21 - Secretaria de Estado da Casa Civil e Desenvol;33903900 - Outros Serviços de Terceiros - Pessoa Jurídic;232 - Taxas pelo Exercício do Poder de Polícia e po;422 - Direitos Individuais, Coletivos e Difusos;0064 - Modernização dos Serviços Operacionais do DET;4119 -  ;4.858.256,36;8.934.220,32;12.051.771,57;6.146.501,92;0;4.719.178,23;5.866.474,87;6.588.555,75;7.009.809,74;230.897,64;10.996.704,83;5.063.493,33;79.593.726,08
16 - Secretaria de Estado de Defesa Civil         ;33903900 - Outros Serviços de Terceiros - Pessoa Jurídic;232 - Taxas pelo Exercício do Poder de Polícia e po;122 - Administração Geral;0002 - Gestão Administrativa;2300 - Fornecimento de Alimentação ao Bombeiro Milit;0;0;0;0;0;0;0;0;0;0;0;0;1.800.000,00
21 - Secretaria de Estado da Casa Civil e Desenvol;31909600 - Ressarcimento de Despesas de Pessoal Requisit;232 - Taxas pelo Exercício do Poder de Polícia e po;122 - Administração Geral;0002 - Gestão Administrativa;2660 - Pessoal e Encargos Sociais;0;0;110.500,00;0;0;0;0;0;0;0;66.528,91;-38.770,28;375.480,36
21 - Secretaria de Estado da Casa Civil e Desenvol;33900800 - Outros Benefícios Assistenciais do Servidor e;232 - Taxas pelo Exercício do Poder de Polícia e po;122 - Administração Geral;0002 - Gestão Administrativa;2660 - Pessoal e Encargos Sociais;0;0;781.644,45;795.592,53;779.447,93;795.545,77;785.073,17;770.350,01;0;2.124,60;0;6.373,80;4.722.898,97
21 - Secretaria de Estado da Casa Civil e Desenvol;33903400 - Outras Despesas de Pessoal Decorrentes de Con;232 - Taxas pelo Exercício do Poder de Polícia e po;122 - Administração Geral;0002 - Gestão Administrativa;2660 - Pessoal e Encargos Sociais;0;0;0;0;504.949,74;0;0;410.361,51;336.633,16;0;-255,4;452.922,60;2.413.014,11
21 - Secretaria de Estado da Casa Civil e Desenvol;33909100 - Sentenças Judiciais;232 - Taxas pelo Exercício do Poder de Polícia e po;122 - Administração Geral;0002 - Gestão Administrativa;2660 - Pessoal e Encargos Sociais;0;0;0;0;331,68;0;0;0;0;0;0;0;4.864,00
16 - Secretaria de Estado de Defesa Civil         ;33903900 - Outros Serviços de Terceiros - Pessoa Jurídic;232 - Taxas pelo Exercício do Poder de Polícia e po;182 - Defesa Civil;0299 - Ampliação da Capacidade para Atendimento e Re;2676 - Operacionalização de Unidade da Defesa Civil ;0;29.873,77;7.324.322,38;1.337.433,44;316.112,82;1.445,55;14.666.996,88;1.697.668,93;403.096,39;951.404,74;157.486,45;-531.809,22;26.754.032,13
21 - Secretaria de Estado da Casa Civil e Desenvol;33903900 - Outros Serviços de Terceiros - Pessoa Jurídic;232 - Taxas pelo Exercício do Poder de Polícia e po;782 - Transporte Rodoviário;0064 - Modernização dos Serviços Operacionais do DET;3010 - Educação no Trânsito;0;0;155.925,00;1.224.075,00;2.490,00;0;62.587,00;0;0;0;0;-34.950,00;1.414.527,00
21 - Secretaria de Estado da Casa Civil e Desenvol;33901400 - Diárias - Civil;232 - Taxas pelo Exercício do Poder de Polícia e po;122 - Administração Geral;0002 - Gestão Administrativa;0467 -  ;0;44;85;0;0;0;0;0;0;0;0;-15;114
21 - Secretaria de Estado da Casa Civil e Desenvol;33909100 - Sentenças Judiciais;232 - Taxas pelo Exercício do Poder de Polícia e po;122 - Administração Geral;0002 - Gestão Administrativa;0467 -  ;0;110.312,96;68.342,10;132.065,27;222.493,06;116.291,52;135.392,23;224.803,24;95.067,46;163.364,67;167.377,32;302.816,96;1.738.326,79
21 - Secretaria de Estado da Casa Civil e Desenvol;33909300 - Indenizações e Restituições;232 - Taxas pelo Exercício do Poder de Polícia e po;122 - Administração Geral;0002 - Gestão Administrativa;0467 -  ;0;1.350,00;23.124,00;0;0;0;0;0;0;0;0;-1.350,00;23.124,00
21 - Secretaria de Estado da Casa Civil e Desenvol;33909100 - Sentenças Judiciais;232 - Taxas pelo Exercício do Poder de Polícia e po;122 - Administração Geral;0002 - Gestão Administrativa;2016 -  ;0;4.163,36;480;0;0;0;520;1.050,00;-1.000,00;4.858,89;0;-1.050,00;9.022,25
16 - Secretaria de Estado de Defesa Civil;33901700 - Outras Despesas Variáveis - Pessoal Militar;232 - Taxas pelo Exercício do Poder de Polícia e po;122 - Administração Geral;0002 - Gestão Administrativa;2300 -  ;0;2.200.000,00;2.200.000,00;4.400.000,00;2.200.000,00;2.200.000,00;13.200.000,00;0;0;0;0;1.100.000,00;27.500.000,00
16 - Secretaria de Estado de Defesa Civil;31901700 - Outras Despesas Variáveis - Pessoal Militar;232 - Taxas pelo Exercício do Poder de Polícia e po;122 - Administração Geral;0002 - Gestão Administrativa;2660 -  ;0;1.997.973,56;-1.997.973,56;1.947,86;-1.947,86;0;663,33;0;0;849.212,50;932.000,00;10.462.513,48;12.244.389,31
16 - Secretaria de Estado de Defesa Civil;33901900 - Auxílio-Fardamento;232 - Taxas pelo Exercício do Poder de Polícia e po;122 - Administração Geral;0002 - Gestão Administrativa;2660 -  ;0;9.530,59;-9.530,59;81.882,85;-81.882,85;0;49.207,81;71.188,03;87.701,80;52.870,14;142.166,99;238.944,17;642.078,94
16 - Secretaria de Estado de Defesa Civil;33904600 - Auxílio Alimentação;232 - Taxas pelo Exercício do Poder de Polícia e po;122 - Administração Geral;0002 - Gestão Administrativa;2660 -  ;0;59.757,61;-59.757,61;78.418,93;-78.418,93;0;78.239,58;77.188,92;77.340,39;74.003,23;75.455,19;73.083,26;455.310,57
21 - Secretaria de Estado da Casa Civil e Desenvol;33901400 - Diárias - Civil;232 - Taxas pelo Exercício do Poder de Polícia e po;125 - Normatização e Fiscalização;0064 - Modernização dos Serviços Operacionais do DET;4111 -  ;0;46.462,00;22.420,00;11.252,00;15.380,00;8.394,50;17.180,50;9.321,50;22.680,00;13.422,00;12.267,00;23.771,50;202.551,00
21 - Secretaria de Estado da Casa Civil e Desenvol;33903000 - Material de Consumo;232 - Taxas pelo Exercício do Poder de Polícia e po;181 - Policiamento;0064 - Modernização dos Serviços Operacionais do DET;8286 -  ;0;11.818.182,00;0;11.818.181,00;0;11.818.182,00;0;0;0;0;5.000.000,00;-564.564,33;39.889.980,67
16 - Secretaria de Estado de Defesa Civil;33903000 - Material de Consumo;232 - Taxas pelo Exercício do Poder de Polícia e po;182 - Defesa Civil;0299 - Ampliação da Capacidade para Atendimento e Re;2676 -  ;0;546.000,00;2.868.704,19;733.218,96;100.245,13;0;5.231.274,64;49.211,83;75.920,00;204.662,09;2.601.392,20;-1.362.063,53;11.048.565,51
21 - Secretaria de Estado da Casa Civil e Desenvol;33903000 - Material de Consumo;232 - Taxas pelo Exercício do Poder de Polícia e po;422 - Direitos Individuais, Coletivos e Difusos;0064 - Modernização dos Serviços Operacionais do DET;4119 -  ;0;19.000,00;0;0;0;18.193,40;9.720,00;2.590,00;0;9.439,68;0;-7.999,68;50.943,40
21 - Secretaria de Estado da Casa Civil e Desenvol;33903900 - Outros Serviços de Terceiros - Pessoa Jurídic;232 - Taxas pelo Exercício do Poder de Polícia e po;122 - Administração Geral;0002 - Gestão Administrativa;0467 -  ;0;0;88,35;0;837,84;0;138,65;77,68;0;0;0;1.425,40;2.567,92
16 - Secretaria de Estado de Defesa Civil;33903000 - Material de Consumo;232 - Taxas pelo Exercício do Poder de Polícia e po;122 - Administração Geral;0002 - Gestão Administrativa;2010 -  ;0;0;9.000,00;3.473.040,00;0;0;1.000.000,00;1.577.666,68;1.348.866,68;2.341.120,00;144.996,68;157.390,08;10.052.080,12
16 - Secretaria de Estado de Defesa Civil;33909200 - Despesas de Exercícios Anteriores;232 - Taxas pelo Exercício do Poder de Polícia e po;122 - Administração Geral;0002 - Gestão Administrativa;2010 -  ;0;0;1.183.754,14;-59.380,85;0;0;0;0;0;0;0;0;1.124.373,29
21 - Secretaria de Estado da Casa Civil e Desenvol;33903000 - Material de Consumo;232 - Taxas pelo Exercício do Poder de Polícia e po;122 - Administração Geral;0002 - Gestão Administrativa;2010 -  ;0;0;600.000,00;200.000,00;200.000,00;200.000,00;200.000,00;200.000,00;150.000,00;200.000,00;100.000,00;67.061,04;2.117.061,04
21 - Secretaria de Estado da Casa Civil e Desenvol;31919200 - Despesas de Exercícios Anteriores;232 - Taxas pelo Exercício do Poder de Polícia e po;122 - Administração Geral;0002 - Gestão Administrativa;2660 -  ;0;0;11.798,51;0;0;36.981,30;0;37.926,30;14.515,82;0;0;0;101.221,93
21 - Secretaria de Estado da Casa Civil e Desenvol;33903900 - Outros Serviços de Terceiros - Pessoa Jurídic;232 - Taxas pelo Exercício do Poder de Polícia e po;122 - Administração Geral;0002 - Gestão Administrativa;2660 -  ;0;0;4.000,00;0;4.000,00;0;0;0;0;0;0;0;8.000,00
21 - Secretaria de Estado da Casa Civil e Desenvol;33909200 - Despesas de Exercícios Anteriores;232 - Taxas pelo Exercício do Poder de Polícia e po;122 - Administração Geral;0002 - Gestão Administrativa;2660 -  ;0;0;1.993,50;38.974,80;0;-36.981,30;0;0;0;0;0;0;3.987,00
21 - Secretaria de Estado da Casa Civil e Desenvol;33919200 - Despesas de Exercícios Anteriores;232 - Taxas pelo Exercício do Poder de Polícia e po;125 - Normatização e Fiscalização;0064 - Modernização dos Serviços Operacionais do DET;4111 -  ;0;0;194.073,19;0;0;0;0;0;0;807.947,00;0;0;1.002.020,19
21 - Secretaria de Estado da Casa Civil e Desenvol;31901200 - Vencimentos e Vantagens Fixas - Pessoal Milit;232 - Taxas pelo Exercício do Poder de Polícia e po;181 - Policiamento;0064 - Modernização dos Serviços Operacionais do DET;8286 -  ;0;0;20.136.363,64;0;0;0;0;0;0;0;0;0;20.136.363,64
21 - Secretaria de Estado da Casa Civil e Desenvol;31901700 - Outras Despesas Variáveis - Pessoal Militar;232 - Taxas pelo Exercício do Poder de Polícia e po;181 - Policiamento;0064 - Modernização dos Serviços Operacionais do DET;8286 -  ;0;0;40.272.727,00;20.136.363,64;20.136.363,64;0;0;0;0;0;0;0;80.545.454,28
16 - Secretaria de Estado de Defesa Civil;33903500 - Serviços de Consultoria;232 - Taxas pelo Exercício do Poder de Polícia e po;182 - Defesa Civil;0299 - Ampliação da Capacidade para Atendimento e Re;2676 -  ;0;0;266.250,00;0;0;0;0;0;0;0;0;-266.250,00;0
16 - Secretaria de Estado de Defesa Civil;33903600 - Outros Serviços de Terceiros - Pessoa Física;232 - Taxas pelo Exercício do Poder de Polícia e po;182 - Defesa Civil;0299 - Ampliação da Capacidade para Atendimento e Re;2676 -  ;0;0;3.850,00;-3.850,00;0;0;0;0;0;0;0;0;0
16 - Secretaria de Estado de Defesa Civil;33903700 - Locação de Mão de Obra;232 - Taxas pelo Exercício do Poder de Polícia e po;182 - Defesa Civil;0299 - Ampliação da Capacidade para Atendimento e Re;2676 -  ;0;0;591.039,03;0;0;0;985.065,06;0;-90.551,72;0;0;-364.208,21;1.121.344,16
16 - Secretaria de Estado de Defesa Civil;33909200 - Despesas de Exercícios Anteriores;232 - Taxas pelo Exercício do Poder de Polícia e po;182 - Defesa Civil;0299 - Ampliação da Capacidade para Atendimento e Re;2676 -  ;0;0;234.304,99;189.034,52;0;37.611,65;2.569.569,35;492.607,09;0;66.993,60;0;198.220,50;3.788.341,70
16 - Secretaria de Estado de Defesa Civil;44905200 - Equipamentos e Material Permanente;232 - Taxas pelo Exercício do Poder de Polícia e po;182 - Defesa Civil;0299 - Ampliação da Capacidade para Atendimento e Re;2676 -  ;0;0;298.000,00;0;0;0;0;0;0;65.250,00;1.122.805,47;-66.185,47;1.419.870,00
16 - Secretaria de Estado de Defesa Civil;33903000 - Material de Consumo;232 - Taxas pelo Exercício do Poder de Polícia e po;182 - Defesa Civil;0299 - Ampliação da Capacidade para Atendimento e Re;3511 -  ;0;0;1.157.581,01;61.980,00;550.983,30;0;0;55.640,00;-21.448,31;197.185,00;0;-50.887,74;1.951.033,26
16 - Secretaria de Estado de Defesa Civil;44905100 - Obras e Instalações;232 - Taxas pelo Exercício do Poder de Polícia e po;182 - Defesa Civil;0299 - Ampliação da Capacidade para Atendimento e Re;3512 -  ;0;0;324.349,82;0;0;142.890,00;0;0;0;0;0;-296.486,24;170.753,58
16 - Secretaria de Estado de Defesa Civil;33903900 - Outros Serviços de Terceiros - Pessoa Jurídic;232 - Taxas pelo Exercício do Poder de Polícia e po;182 - Defesa Civil;0299 - Ampliação da Capacidade para Atendimento e Re;8019 -  ;0;0;23.682,29;0;5.480,00;0;0;0;0;0;0;15.159,99;44.322,28
16 - Secretaria de Estado de Defesa Civil;33913900 - Outros Serviços de Terceiros - Pessoa Jurídic;232 - Taxas pelo Exercício do Poder de Polícia e po;182 - Defesa Civil;0299 - Ampliação da Capacidade para Atendimento e Re;8019 -  ;0;0;639.831,55;0;0;0;1.066.385,91;0;0;0;0;-4.088,44;1.702.129,02
16 - Secretaria de Estado de Defesa Civil;33903900 - Outros Serviços de Terceiros - Pessoa Jurídic;232 - Taxas pelo Exercício do Poder de Polícia e po;122 - Administração Geral;0002 - Gestão Administrativa;8021 -  ;0;0;0;1.479.117,54;2.413.750,17;0;397,93;0;0;4.829.659,70;0;2.328.020,22;11.050.945,56
21 - Secretaria de Estado da Casa Civil e Desenvol;33903900 - Outros Serviços de Terceiros - Pessoa Jurídic;232 - Taxas pelo Exercício do Poder de Polícia e po;181 - Policiamento;0064 - Modernização dos Serviços Operacionais do DET;8308 -  ;0;0;0;166.675,38;1,45;0;3.266.954,30;1.281.557,98;0;7.654.506,81;15.796,32;5.912.080,15;18.297.572,39
21 - Secretaria de Estado da Casa Civil e Desenvol;33909200 - Despesas de Exercícios Anteriores;232 - Taxas pelo Exercício do Poder de Polícia e po;181 - Policiamento;0064 - Modernização dos Serviços Operacionais do DET;8308 -  ;0;0;0;921.282,63;2.373.298,97;-36.430,63;1.022.876,24;0;0;2.230.326,54;0;1.252.443,82;7.763.797,57
16 - Secretaria de Estado de Defesa Civil;33901500 - Diárias - Militar;232 - Taxas pelo Exercício do Poder de Polícia e po;182 - Defesa Civil;0299 - Ampliação da Capacidade para Atendimento e Re;2676 -  ;0;0;0;1.444,00;0;0;38.194,00;0;2.082,00;3.738,00;2.182,00;3.122,00;50.762,00
16 - Secretaria de Estado de Defesa Civil;33909200 - Despesas de Exercícios Anteriores;232 - Taxas pelo Exercício do Poder de Polícia e po;182 - Defesa Civil;0299 - Ampliação da Capacidade para Atendimento e Re;3511 -  ;0;0;0;401.049,50;0;0;0;0;0;0;0;0;401.049,50
21 - Secretaria de Estado da Casa Civil e Desenvol;33909200 - Despesas de Exercícios Anteriores;232 - Taxas pelo Exercício do Poder de Polícia e po;122 - Administração Geral;0002 - Gestão Administrativa;0467 -  ;0;0;0;0;6.000,00;0;0;255,38;0;0;0;0;6.255,38
16 - Secretaria de Estado de Defesa Civil;33901500 - Diárias - Militar;232 - Taxas pelo Exercício do Poder de Polícia e po;122 - Administração Geral;0002 - Gestão Administrativa;2660 -  ;0;0;0;0;16.848,00;1.048,00;-17.896,00;0;0;2.364,00;0;0;2.364,00
21 - Secretaria de Estado da Casa Civil e Desenvol;33903900 - Outros Serviços de Terceiros - Pessoa Jurídic;232 - Taxas pelo Exercício do Poder de Polícia e po;422 - Direitos Individuais, Coletivos e Difusos;0397 - Atendimento ao Cidadão e ao Empreendedor - Ri;2065 -  ;0;0;0;0;7.933.750,92;0;0;0;0;0;0;-494.857,07;7.438.893,85
21 - Secretaria de Estado da Casa Civil e Desenvol;44905100 - Obras e Instalações;232 - Taxas pelo Exercício do Poder de Polícia e po;125 - Normatização e Fiscalização;0064 - Modernização dos Serviços Operacionais do DET;3836 -  ;0;0;0;0;0;24.591,67;0;0;0;0;0;-24.591,67;0
21 - Secretaria de Estado da Casa Civil e Desenvol;44905200 - Equipamentos e Material Permanente;232 - Taxas pelo Exercício do Poder de Polícia e po;125 - Normatização e Fiscalização;0064 - Modernização dos Serviços Operacionais do DET;4111 -  ;0;0;0;0;0;4.725,00;1.470,00;0;0;0;17.600,00;0;23.795,00
16 - Secretaria de Estado de Defesa Civil;44909200 - Despesas de Exercícios Anteriores;232 - Taxas pelo Exercício do Poder de Polícia e po;182 - Defesa Civil;0299 - Ampliação da Capacidade para Atendimento e Re;2676 -  ;0;0;0;0;0;124.480,00;0;73.500,00;0;0;0;1.534.390,00;1.732.370,00
21 - Secretaria de Estado da Casa Civil e Desenvol;31900500 - Outros Benefícios Previdenciários do Servidor;232 - Taxas pelo Exercício do Poder de Polícia e po;122 - Administração Geral;0002 - Gestão Administrativa;2660 -  ;0;0;0;0;0;0;1,8;0;0;0;0;0;1,8
21 - Secretaria de Estado da Casa Civil e Desenvol;33903000 - Material de Consumo;232 - Taxas pelo Exercício do Poder de Polícia e po;181 - Policiamento;0064 - Modernização dos Serviços Operacionais do DET;8308 -  ;0;0;0;0;0;0;1.000.000,00;0;0;117.713,43;-18.938,74;530.169,85;1.628.944,54
16 - Secretaria de Estado de Defesa Civil;44905100 - Obras e Instalações;232 - Taxas pelo Exercício do Poder de Polícia e po;182 - Defesa Civil;0299 - Ampliação da Capacidade para Atendimento e Re;2676 -  ;0;0;0;0;0;0;0;153.171,06;0;0;89.700,50;-1.741,42;241.130,14
16 - Secretaria de Estado de Defesa Civil;33904700 - Obrigações Tributárias e Contributivas;232 - Taxas pelo Exercício do Poder de Polícia e po;122 - Administração Geral;0002 - Gestão Administrativa;0467 -  ;0;0;0;0;0;0;0;0;33.988,80;2.270,17;0;0;36.258,97
21 - Secretaria de Estado da Casa Civil e Desenvol;33913900 - Outros Serviços de Terceiros - Pessoa Jurídic;232 - Taxas pelo Exercício do Poder de Polícia e po;122 - Administração Geral;0002 - Gestão Administrativa;2010 -  ;0;0;0;0;0;0;0;0;238,46;0;530;-238,46;530
21 - Secretaria de Estado da Casa Civil e Desenvol;33919300 - Indenizações e Restituições;232 - Taxas pelo Exercício do Poder de Polícia e po;122 - Administração Geral;0002 - Gestão Administrativa;0467 -  ;0;0;0;0;0;0;0;0;0;171,36;0;-171,36;0
16 - Secretaria de Estado de Defesa Civil;44905200 - Equipamentos e Material Permanente;232 - Taxas pelo Exercício do Poder de Polícia e po;182 - Defesa Civil;0299 - Ampliação da Capacidade para Atendimento e Re;7991 -  ;0;0;0;0;0;0;0;0;0;2.665.000,00;0;0;2.665.000,00
21 - Secretaria de Estado da Casa Civil e Desenvol;33913900 - Outros Serviços de Terceiros - Pessoa Jurídic;232 - Taxas pelo Exercício do Poder de Polícia e po;122 - Administração Geral;0002 - Gestão Administrativa;2016 -  ;0;0;0;0;0;0;0;0;0;0;51.538,46;-238,46;51.300,00
16 - Secretaria de Estado de Defesa Civil;33903900 - Outros Serviços de Terceiros - Pessoa Jurídic;232 - Taxas pelo Exercício do Poder de Polícia e po;122 - Administração Geral;0002 - Gestão Administrativa;0467 -  ;0;0;0;0;0;0;0;0;0;0;0;62.867,82;62.867,82
16 - Secretaria de Estado de Defesa Civil;33909200 - Despesas de Exercícios Anteriores;232 - Taxas pelo Exercício do Poder de Polícia e po;122 - Administração Geral;0002 - Gestão Administrativa;8021 -  ;0;0;0;0;0;0;0;0;0;0;0;468.026,57;468.026,57
21 - Secretaria de Estado da Casa Civil e Desenvol;33903000 - Material de Consumo;232 - Taxas pelo Exercício do Poder de Polícia e po;125 - Normatização e Fiscalização;0064 - Modernização dos Serviços Operacionais do DET;3836 -  ;0;0;0;0;0;0;0;0;0;0;0;3.629.341,18;3.629.341,18
21 - Secretaria de Estado da Casa Civil e Desenvol;33909200 - Despesas de Exercícios Anteriores;232 - Taxas pelo Exercício do Poder de Polícia e po;125 - Normatização e Fiscalização;0064 - Modernização dos Serviços Operacionais do DET;3836 -  ;0;0;0;0;0;0;0;0;0;0;0;735.773,14;735.773,14
21 - Secretaria de Estado da Casa Civil e Desenvol;33901500 - Diárias - Militar;232 - Taxas pelo Exercício do Poder de Polícia e po;125 - Normatização e Fiscalização;0064 - Modernização dos Serviços Operacionais do DET;4111 -  ;0;0;0;0;0;0;0;0;0;0;0;347,5;347,5
21 - Secretaria de Estado da Casa Civil e Desenvol;33903900 - Outros Serviços de Terceiros - Pessoa Jurídic;232 - Taxas pelo Exercício do Poder de Polícia e po;181 - Policiamento;0064 - Modernização dos Serviços Operacionais do DET;8286 -  ;0;0;0;0;0;0;0;0;0;0;0;5.745,44;5.745,44
